event_id,domain,event_type,entity_type,entity_name,entity_variant
00884a7e77949571,methods_tooling,method_evaluation,model,SERUM,biofluid
017f8c7743b131a8,methods_tooling,method_evaluation,model,SERUM,biofluid
01b54ea5158e2c06,methods_tooling,decision_point,model,MOUSE,organism
021266fba9e54f7a,methods_tooling,method_evaluation,model,MEM,unknown
021266fba9e54f7a,methods_tooling,method_evaluation,model,Plasma,biofluid
0282c883ac405c49,methods_tooling,method_evaluation,model,Plasma,biofluid
02ee64ff798c566e,methods_tooling,method_evaluation,model,SERUM,biofluid
0348a6a2b3d55057,methods_tooling,toxicity_flag,model,Tissue,unknown
047fb1850b1ebd78,methods_tooling,method_evaluation,compound,NAD+,drug
047fb1850b1ebd78,methods_tooling,method_evaluation,target,BDNF,protein
04af24266bd11991,methods_tooling,method_evaluation,model,Organoid,3d_model
04af24266bd11991,methods_tooling,method_evaluation,model,SERUM,biofluid
04af24266bd11991,methods_tooling,method_evaluation,model,TUMOR,unknown
04af24266bd11991,methods_tooling,method_evaluation,model,organoid,
04af24266bd11991,methods_tooling,method_evaluation,target,PHOSPHATASE,protein
04ef5ecb4c2d50bb,methods_tooling,decision_point,model,In vitro,unknown
04ef5ecb4c2d50bb,methods_tooling,decision_point,model,In vivo,unknown
054c6d9e9157a233,methods_tooling,decision_point,model,BLOOD,biofluid
054c6d9e9157a233,methods_tooling,decision_point,model,In vivo,unknown
055d655de3dfa59c,methods_tooling,efficacy_result,model,In vivo,unknown
055d655de3dfa59c,methods_tooling,efficacy_result,model,MICE,organism
056353a7ea374541,methods_tooling,efficacy_result,compound,METFORMIN,drug
056353a7ea374541,methods_tooling,efficacy_result,model,Mitochondrial,unknown
078988f81af7acb8,methods_tooling,method_evaluation,model,SERUM,biofluid
08d43b659ea14f38,methods_tooling,decision_point,model,DOGS,unknown
0943b9f180f51e72,methods_tooling,method_evaluation,compound,QUERCETIN,drug
0943b9f180f51e72,methods_tooling,method_evaluation,model,DMEM,unknown
0943b9f180f51e72,methods_tooling,method_evaluation,model,Extract,unknown
0943b9f180f51e72,methods_tooling,method_evaluation,model,FBS,unknown
0943b9f180f51e72,methods_tooling,method_evaluation,model,SERUM,biofluid
0943b9f180f51e72,methods_tooling,method_evaluation,model,Serum-free medium,cell_line
0a20f95996f6616a,methods_tooling,manufacturing_constraint,model,Primates,unknown
0a57b07fce8b5494,methods_tooling,decision_point,model,Mitochondrial,unknown
0a57b07fce8b5494,methods_tooling,decision_point,target,AMPK,protein
0a70fc8289bfba69,methods_tooling,method_evaluation,model,Plasma,biofluid
0a7627839f18b83c,methods_tooling,efficacy_result,model,CSF,biofluid
0a7627839f18b83c,methods_tooling,efficacy_result,peptide,ANDRISINGFAST,
0acd6c4ec2358721,methods_tooling,efficacy_result,compound,DULAGLUTIDE,drug
0acd6c4ec2358721,methods_tooling,efficacy_result,compound,EXENATIDE,drug
0acd6c4ec2358721,methods_tooling,efficacy_result,compound,LIRAGLUTIDE,drug
0acd6c4ec2358721,methods_tooling,efficacy_result,compound,SEMAGLUTIDE,drug
0acd6c4ec2358721,methods_tooling,efficacy_result,target,TNF,protein
0afe5f2c83f6b71d,methods_tooling,decision_point,model,HUMAN,organism
0afe5f2c83f6b71d,methods_tooling,decision_point,model,Primate,organism
0b0a90dcdf5a310f,methods_tooling,toxicity_flag,model,K562,cell_line
0c931c5a4dc41f8a,methods_tooling,method_evaluation,model,BLOOD,biofluid
0c931c5a4dc41f8a,methods_tooling,method_evaluation,model,Plasma,biofluid
0ca1b922febb628c,methods_tooling,toxicity_flag,model,HUMAN,organism
0ca1b922febb628c,methods_tooling,toxicity_flag,model,In vitro,unknown
0cf9007dff72e5a5,methods_tooling,decision_point,compound,METFORMIN,drug
0d308a1b122a699c,methods_tooling,method_evaluation,model,Plasma,biofluid
0d308a1b122a699c,methods_tooling,method_evaluation,target,ERK1,protein
0e3c7a8f2ed67800,methods_tooling,manufacturing_constraint,stem_cell,differentiation,
0e9fea0c3359c55c,methods_tooling,decision_point,stem_cell,differentiation,
0e9fea0c3359c55c,methods_tooling,decision_point,target,PEPTIDASE,protein
0f3d1cc77d6f481f,methods_tooling,efficacy_result,model,DOGS,unknown
1006357fc9947b1a,methods_tooling,manufacturing_constraint,target,INSR,protein
10750c9125e203cc,methods_tooling,decision_point,target,ERK,protein
10c977f032bd0242,methods_tooling,decision_point,model,DOGS,unknown
11d7f25e7579a648,methods_tooling,decision_point,model,In vivo,unknown
11d7f25e7579a648,methods_tooling,decision_point,model,Xenografts,unknown
12048e3bc62ff73d,methods_tooling,decision_point,model,In vivo,unknown
12048e3bc62ff73d,methods_tooling,decision_point,target,TLR4,protein
12618b3a23265173,methods_tooling,decision_point,model,HUMAN,organism
12618b3a23265173,methods_tooling,decision_point,model,TUMOR,unknown
13b145427edbc22e,methods_tooling,decision_point,model,DOGS,unknown
13e25f8e356f13c6,methods_tooling,method_evaluation,peptide,INDICATED,
140d6dd2d6cc0e65,methods_tooling,decision_point,model,In vivo,unknown
15a462faed28eee8,methods_tooling,decision_point,model,DOGS,unknown
15f88d5d974ea4d8,methods_tooling,method_evaluation,model,Plasma,biofluid
17141ce57fc9bb4f,methods_tooling,decision_point,model,Transgenic,unknown
174cbbb5d254957a,methods_tooling,decision_point,target,RECEPTOR,protein
17aa48134b7e016b,methods_tooling,efficacy_result,model,In vivo,unknown
17aa48134b7e016b,methods_tooling,efficacy_result,model,Monocytes,unknown
181b73222a030f9e,methods_tooling,decision_point,model,In vitro,unknown
181b73222a030f9e,methods_tooling,decision_point,model,In vivo,unknown
18f01c63d84ac5db,methods_tooling,efficacy_result,compound,NAD+,drug
18f01c63d84ac5db,methods_tooling,efficacy_result,compound,NMN,drug
18f01c63d84ac5db,methods_tooling,efficacy_result,model,HUMAN,organism
18f01c63d84ac5db,methods_tooling,efficacy_result,model,Humans,organism
18f01c63d84ac5db,methods_tooling,efficacy_result,model,MICE,organism
18f01c63d84ac5db,methods_tooling,efficacy_result,model,Mitochondria,unknown
18f01c63d84ac5db,methods_tooling,efficacy_result,target,SIRT6,protein
1902b1d50c18c71d,methods_tooling,efficacy_result,model,In vitro,unknown
1902b1d50c18c71d,methods_tooling,efficacy_result,model,In vivo,unknown
1902b1d50c18c71d,methods_tooling,efficacy_result,model,Jurkat,unknown
1902b1d50c18c71d,methods_tooling,efficacy_result,model,RPMI,unknown
1902b1d50c18c71d,methods_tooling,efficacy_result,model,U937,cell_line
190b9437e42d1845,methods_tooling,method_evaluation,model,Plasma,biofluid
19298aaf92bc26e5,methods_tooling,decision_point,model,In vitro,unknown
19298aaf92bc26e5,methods_tooling,decision_point,model,In vivo,unknown
19298aaf92bc26e5,methods_tooling,decision_point,stem_cell,differentiation,
194dfcefc914036b,methods_tooling,method_evaluation,model,Plasma,biofluid
194e9aeb948925fc,methods_tooling,toxicity_flag,model,MICE,organism
194e9aeb948925fc,methods_tooling,toxicity_flag,model,Splenocytes,unknown
19e5babf7499a1ef,methods_tooling,efficacy_result,model,MICE,organism
19e5babf7499a1ef,methods_tooling,efficacy_result,model,Tissue,unknown
1a49771f823de330,methods_tooling,manufacturing_constraint,target,AKT,protein
1a49771f823de330,methods_tooling,manufacturing_constraint,target,FURIN,protein
1b25290e07fc116e,methods_tooling,decision_point,model,DOGS,unknown
1b25290e07fc116e,methods_tooling,decision_point,model,MICE,organism
1b3a5d61418fbea2,methods_tooling,manufacturing_constraint,model,Plasma,biofluid
1bed258cea973463,methods_tooling,toxicity_flag,target,TLR4,protein
1c02a6243487e09d,methods_tooling,toxicity_flag,compound,METFORMIN,drug
1c02a6243487e09d,methods_tooling,toxicity_flag,model,Mitochondria,unknown
1c02a6243487e09d,methods_tooling,toxicity_flag,model,Mitochondrial,unknown
1c02a6243487e09d,methods_tooling,toxicity_flag,model,TUMOR,unknown
1c02a6243487e09d,methods_tooling,toxicity_flag,model,URINE,biofluid
1c02a6243487e09d,methods_tooling,toxicity_flag,target,AMPK,protein
1c02a6243487e09d,methods_tooling,toxicity_flag,target,MTOR,protein
1c1d6eb4cf412dc3,methods_tooling,method_evaluation,model,SERUM,biofluid
1c6319f39964c49c,methods_tooling,regulatory_risk,model,BLOOD,biofluid
1c6319f39964c49c,methods_tooling,regulatory_risk,model,HUMAN,organism
1c6319f39964c49c,methods_tooling,regulatory_risk,target,ACE,protein
1d5a933ddef62726,methods_tooling,decision_point,model,DOGS,unknown
1d76daa5b8a63924,methods_tooling,toxicity_flag,model,Mitochondria,unknown
1d7c4388ed9e816e,methods_tooling,method_evaluation,model,Plasma,biofluid
1d7c4388ed9e816e,methods_tooling,method_evaluation,model,SERUM,biofluid
1dac85a3d9f7f339,methods_tooling,decision_point,model,In vivo,unknown
1ea1d7d0102563e0,methods_tooling,toxicity_flag,model,In vitro,unknown
1ea1d7d0102563e0,methods_tooling,toxicity_flag,model,In vivo,unknown
1ea1d7d0102563e0,methods_tooling,toxicity_flag,model,MICE,organism
1f9373f181d12ef2,methods_tooling,method_evaluation,model,Plasma,biofluid
2005fa62fe40bdb1,methods_tooling,method_evaluation,model,Plasma,biofluid
205a0e34cd9d8d58,methods_tooling,efficacy_result,model,In vivo,unknown
20cd924a10ed9941,methods_tooling,method_evaluation,target,IL-6,protein
20d5bc72cd395d31,methods_tooling,decision_point,model,Tissue,unknown
21b9ab32967a6125,methods_tooling,efficacy_result,target,HSP90,protein
240aadc454521c2f,methods_tooling,decision_point,model,HUMAN,organism
240aadc454521c2f,methods_tooling,decision_point,target,ACE,protein
2465e6ba5069cc1e,methods_tooling,regulatory_risk,model,Skeletal muscle,unknown
2465e6ba5069cc1e,methods_tooling,regulatory_risk,stem_cell,mesenchymal,
2465e6ba5069cc1e,methods_tooling,regulatory_risk,stem_cell,stem cell,
252ab856026a1fd4,methods_tooling,decision_point,model,Tissue,unknown
2617d62cbb72d753,methods_tooling,method_evaluation,model,Cytoplasm,unknown
2617d62cbb72d753,methods_tooling,method_evaluation,model,SERUM,biofluid
263a1474e6cf9a0a,methods_tooling,decision_point,model,Skeletal muscle,unknown
26559cb39a86cb5b,methods_tooling,method_evaluation,model,SERUM,biofluid
2668f764a10e5f96,methods_tooling,regulatory_risk,compound,QUERCETIN,drug
2668f764a10e5f96,methods_tooling,regulatory_risk,model,Organoids,3d_model
2668f764a10e5f96,methods_tooling,regulatory_risk,model,organoid,
2674f8bb2ee89b34,methods_tooling,decision_point,model,In vivo,unknown
2674f8bb2ee89b34,methods_tooling,decision_point,target,RECEPTOR,protein
267ceabb7b57d14b,methods_tooling,method_evaluation,model,TUMOR,unknown
289d057bc93c42ca,methods_tooling,decision_point,model,RATS,organism
28e54ef2f7fc056c,methods_tooling,method_evaluation,model,Plasma,biofluid
29d7a42fc2aaddf4,methods_tooling,decision_point,target,ACE,protein
29d908f08768cd57,methods_tooling,method_evaluation,model,BSA,unknown
2abb8ad0f1bf15cc,methods_tooling,method_evaluation,model,BLOOD,biofluid
2abb8ad0f1bf15cc,methods_tooling,method_evaluation,model,SERUM,biofluid
2b00b137225dbddb,methods_tooling,efficacy_result,compound,METFORMIN,drug
2b00b137225dbddb,methods_tooling,efficacy_result,model,In vivo,unknown
2b00b137225dbddb,methods_tooling,efficacy_result,model,Mitochondrial,unknown
2b00b137225dbddb,methods_tooling,efficacy_result,model,TUMOR,unknown
2b8ecd11a0c84795,methods_tooling,manufacturing_constraint,compound,RESVERATROL,drug
2b8ecd11a0c84795,methods_tooling,manufacturing_constraint,target,JNK,protein
2c578824029ab13e,methods_tooling,method_evaluation,model,HUMAN,organism
2cba2b487f578320,methods_tooling,toxicity_flag,compound,APIGENIN,drug
2cba2b487f578320,methods_tooling,toxicity_flag,compound,QUERCETIN,drug
2cba2b487f578320,methods_tooling,toxicity_flag,compound,RESVERATROL,drug
2ccf528f21ba8cba,methods_tooling,toxicity_flag,model,FBS,unknown
2ccf528f21ba8cba,methods_tooling,toxicity_flag,model,HUMAN,organism
2d505053e2cec399,methods_tooling,toxicity_flag,compound,QUERCETIN,drug
2e6384726b7f721c,methods_tooling,method_evaluation,model,SERUM,biofluid
2e6384726b7f721c,methods_tooling,method_evaluation,target,TNF,protein
2eacd7641c4e1a2a,methods_tooling,efficacy_result,model,Tissue,unknown
2eacd7641c4e1a2a,methods_tooling,efficacy_result,target,SYNTHASE,protein
2f24552c8b64c9be,methods_tooling,decision_point,model,DOGS,unknown
2f374a53786f457f,methods_tooling,efficacy_result,stem_cell,IPSC,
2f374a53786f457f,methods_tooling,efficacy_result,stem_cell,pluripotent,
2f374a53786f457f,methods_tooling,efficacy_result,stem_cell,reprogramming,
2f4970f3d9cf7a3f,methods_tooling,method_evaluation,model,Plasma,biofluid
2f4970f3d9cf7a3f,methods_tooling,method_evaluation,peptide,SAMPLEHEATING,
2f6970e2607c0bec,methods_tooling,decision_point,model,In vitro,unknown
2f6970e2607c0bec,methods_tooling,decision_point,model,In vivo,unknown
2f9be37d7e2bbb7a,methods_tooling,method_evaluation,model,BSA,unknown
2f9be37d7e2bbb7a,methods_tooling,method_evaluation,model,Bovine serum albumin,unknown
2f9be37d7e2bbb7a,methods_tooling,method_evaluation,model,SERUM,biofluid
2fad7ca97f97972d,methods_tooling,method_evaluation,model,Plasma,biofluid
3037865df373f150,methods_tooling,manufacturing_constraint,model,DOGS,unknown
308657d3da338965,methods_tooling,decision_point,model,Humans,organism
309aa20aee947541,methods_tooling,method_evaluation,model,Plasma,biofluid
30b4274b131da408,methods_tooling,manufacturing_constraint,compound,CURCUMIN,drug
310f75682fc6f1d7,methods_tooling,method_evaluation,model,SERUM,biofluid
3118c084a07446c0,methods_tooling,efficacy_result,stem_cell,MSC,
3118c084a07446c0,methods_tooling,efficacy_result,stem_cell,stem cell,
31a23a75e78e5a69,methods_tooling,decision_point,model,DOGS,unknown
31a494fb6ec9bd6e,methods_tooling,decision_point,model,Skeletal muscle,unknown
31a494fb6ec9bd6e,methods_tooling,decision_point,model,Tissue,unknown
322a80503d9454f6,methods_tooling,decision_point,model,DOGS,unknown
32a9edc998ff5551,methods_tooling,method_evaluation,model,SERUM,biofluid
32f33fa6f1093484,methods_tooling,decision_point,target,RECEPTOR,protein
333d7a8a2c6c6384,methods_tooling,efficacy_result,model,SERUM,biofluid
33b87688e0a00cb4,methods_tooling,decision_point,model,DOG,organism
33b87688e0a00cb4,methods_tooling,decision_point,model,DOGS,unknown
33b87688e0a00cb4,methods_tooling,decision_point,model,HUMAN,organism
33d1b9be0fc72835,methods_tooling,method_evaluation,model,MICE,organism
33d1b9be0fc72835,methods_tooling,method_evaluation,model,SERUM,biofluid
33d1b9be0fc72835,methods_tooling,method_evaluation,target,IL-6,protein
33d1b9be0fc72835,methods_tooling,method_evaluation,target,TNF,protein
33d1b9be0fc72835,methods_tooling,method_evaluation,target,TNF-Α,protein
33dc467eb3dd2f90,methods_tooling,decision_point,model,Knockout,unknown
33dc467eb3dd2f90,methods_tooling,decision_point,stem_cell,differentiation,
3412c8cdd30aebb5,methods_tooling,method_evaluation,model,Plasma,biofluid
3444b0905256746d,methods_tooling,method_evaluation,model,SERUM,biofluid
348f361aef4fc51f,methods_tooling,decision_point,model,DOG,organism
354043f957b829ee,methods_tooling,decision_point,model,MICE,organism
354043f957b829ee,methods_tooling,decision_point,model,MOUSE,organism
36105daba14cfc3a,methods_tooling,method_evaluation,model,Plasma,biofluid
36c8c44712efa3d4,methods_tooling,regulatory_risk,model,BLOOD,biofluid
36c8c44712efa3d4,methods_tooling,regulatory_risk,model,MICE,organism
3864aff6ab6ca38c,methods_tooling,toxicity_flag,model,HUMAN,organism
38a7ca2b78a97771,methods_tooling,method_evaluation,model,SERUM,biofluid
38c2fa35ad33ee55,methods_tooling,decision_point,target,TLR4,protein
38da3e9eb7435141,methods_tooling,decision_point,compound,QUERCETIN,drug
38da3e9eb7435141,methods_tooling,decision_point,compound,SPERMIDINE,drug
38da3e9eb7435141,methods_tooling,decision_point,model,BLOOD,biofluid
38da3e9eb7435141,methods_tooling,decision_point,peptide,VISCERALFAT,
3a8843d2ba50a397,methods_tooling,decision_point,model,FBS,unknown
3aa30401f497466c,methods_tooling,method_evaluation,model,BLOOD,biofluid
3aa30401f497466c,methods_tooling,method_evaluation,model,MICE,organism
3bbd44fc5174fcc2,methods_tooling,method_evaluation,compound,FISETIN,drug
3bbd44fc5174fcc2,methods_tooling,method_evaluation,compound,QUERCETIN,drug
3bd5b9d1fdbeaf2e,methods_tooling,decision_point,model,BLOOD,biofluid
3ccc63a3aa5cb009,methods_tooling,efficacy_result,model,SERUM,biofluid
3dd21a168adc6507,methods_tooling,method_evaluation,model,BLOOD,biofluid
3e7635800e98fa71,methods_tooling,toxicity_flag,model,Humans,organism
3e92986540a93d70,methods_tooling,decision_point,model,DOGS,unknown
3ed16f0825aed001,methods_tooling,efficacy_result,model,Humans,organism
3ed16f0825aed001,methods_tooling,efficacy_result,model,MICE,organism
3ed16f0825aed001,methods_tooling,efficacy_result,model,MOUSE,organism
3ed9564b60e1e812,methods_tooling,method_evaluation,model,BLOOD,biofluid
3f40844773142113,methods_tooling,toxicity_flag,model,TUMOR,unknown
3f726c9388c5d802,methods_tooling,method_evaluation,model,Humans,organism
3f726c9388c5d802,methods_tooling,method_evaluation,model,SERUM,biofluid
40f14e0b79fbe872,methods_tooling,toxicity_flag,model,MICE,organism
40f14e0b79fbe872,methods_tooling,toxicity_flag,model,Mitochondrial,unknown
40f14e0b79fbe872,methods_tooling,toxicity_flag,target,RECEPTOR,protein
40f14e0b79fbe872,methods_tooling,toxicity_flag,target,TNF,protein
4171aeebaf604869,methods_tooling,decision_point,model,CHO,unknown
42a31faf44a2eb6a,methods_tooling,efficacy_result,model,HUMAN,organism
436334ea58d1912a,methods_tooling,method_evaluation,model,Plasma,biofluid
43ef3c697b4597ed,methods_tooling,method_evaluation,model,Plasma,biofluid
44233adacf15bb6f,methods_tooling,regulatory_risk,model,Tissue,unknown
4441670356a3b079,methods_tooling,decision_point,model,In vivo,unknown
44456d2d7e406511,methods_tooling,regulatory_risk,compound,DULAGLUTIDE,drug
46bc6e0ee92130f7,methods_tooling,toxicity_flag,model,Mitochondria,unknown
4795c7890c68ba36,methods_tooling,decision_point,model,BLOOD,biofluid
485616cfeea8a2df,methods_tooling,toxicity_flag,target,AKT,protein
48aca27d6662a7a1,methods_tooling,decision_point,model,In vivo,unknown
4a11926a65f79f22,methods_tooling,toxicity_flag,model,K562,cell_line
4a54c9b2ec0a19fd,methods_tooling,decision_point,model,HUMAN,organism
4aa3c513b5e4645d,methods_tooling,decision_point,compound,METFORMIN,drug
4afdcf1169fc484b,methods_tooling,method_evaluation,model,HUMAN,organism
4afdcf1169fc484b,methods_tooling,method_evaluation,model,Plasma,biofluid
4b0a3b0a4ef2b1e3,methods_tooling,decision_point,compound,METFORMIN,drug
4b0a3b0a4ef2b1e3,methods_tooling,decision_point,compound,RESVERATROL,drug
4b0a3b0a4ef2b1e3,methods_tooling,decision_point,model,DOGS,unknown
4b873372a30d87b6,methods_tooling,decision_point,model,BLOOD,biofluid
4d46c1b3137bfa72,methods_tooling,decision_point,model,MICE,organism
4e6db03e6e89864d,methods_tooling,decision_point,model,HUMAN,organism
4f7e5a546b736184,methods_tooling,toxicity_flag,model,K562,cell_line
5003224da8c78359,methods_tooling,method_evaluation,model,SERUM,biofluid
514f50a2e361aca9,methods_tooling,toxicity_flag,compound,METFORMIN,drug
514f50a2e361aca9,methods_tooling,toxicity_flag,model,Mitochondria,unknown
514f50a2e361aca9,methods_tooling,toxicity_flag,model,Mitochondrial,unknown
5224022e2d5dfd2c,methods_tooling,toxicity_flag,model,K562,cell_line
5244149647655ce3,methods_tooling,efficacy_result,model,Knockout,unknown
529afbd947bb66d4,methods_tooling,decision_point,model,DOG,organism
529ca3e4f3d5be84,methods_tooling,decision_point,model,DOGS,unknown
52a5b0d78702efa3,methods_tooling,method_evaluation,model,DOGS,unknown
52adaac49f8da6e3,methods_tooling,method_evaluation,model,Plasma,biofluid
5301def95887424d,methods_tooling,method_evaluation,model,Plasma,biofluid
5337365398a4cc95,methods_tooling,decision_point,compound,METFORMIN,drug
5337365398a4cc95,methods_tooling,decision_point,model,Mitochondria,unknown
53a9a1d1fad50830,methods_tooling,decision_point,model,DOG,organism
53dce95f154ee56a,methods_tooling,efficacy_result,model,In vivo,unknown
547a6e6f9159b1cb,methods_tooling,method_evaluation,model,Plasma,biofluid
54ebb54b257f56d2,methods_tooling,toxicity_flag,model,K562,cell_line
5508251851974351,methods_tooling,efficacy_result,model,BLOOD,biofluid
56593f80625c58a1,methods_tooling,method_evaluation,model,Plasma,biofluid
568927310be6c67e,methods_tooling,method_evaluation,model,SERUM,biofluid
56c7d0f377e4849c,methods_tooling,decision_point,model,Humans,organism
56c7d0f377e4849c,methods_tooling,decision_point,model,Skeletal muscle,unknown
56d39c5133b35f52,methods_tooling,decision_point,model,Skeletal muscle,unknown
56e33a40760a8639,methods_tooling,decision_point,model,In vitro,unknown
56e33a40760a8639,methods_tooling,decision_point,model,In vivo,unknown
56e33a40760a8639,methods_tooling,decision_point,model,Tissue,unknown
5746c6352f89fe44,methods_tooling,decision_point,compound,GLUCAGON,drug
5746c6352f89fe44,methods_tooling,decision_point,compound,QUERCETIN,drug
5746c6352f89fe44,methods_tooling,decision_point,compound,RESVERATROL,drug
5746c6352f89fe44,methods_tooling,decision_point,compound,SPERMIDINE,drug
5746c6352f89fe44,methods_tooling,decision_point,model,HUMAN,organism
5746c6352f89fe44,methods_tooling,decision_point,model,In vitro,unknown
5746c6352f89fe44,methods_tooling,decision_point,model,MICE,organism
5746c6352f89fe44,methods_tooling,decision_point,target,SIRT1,protein
57923879792c8a4e,methods_tooling,decision_point,model,HUMAN,organism
579fc608fae34900,methods_tooling,decision_point,compound,METFORMIN,drug
579fc608fae34900,methods_tooling,decision_point,model,Mitochondrial,unknown
587fe3e5e25814ee,methods_tooling,efficacy_result,model,Tissue,unknown
591df800da5e3cf0,methods_tooling,other,model,DOGS,unknown
5980b3d6afd55ee7,methods_tooling,decision_point,model,MOUSE,organism
59adddc193dc370e,methods_tooling,decision_point,compound,METFORMIN,drug
59b43d58b192ba03,methods_tooling,method_evaluation,model,SERUM,biofluid
59b8b688bedf5bf6,methods_tooling,decision_point,target,ACE,protein
5abf3c531734ae9d,methods_tooling,method_evaluation,compound,METFORMIN,drug
5abf3c531734ae9d,methods_tooling,method_evaluation,model,HUMAN,organism
5abf3c531734ae9d,methods_tooling,method_evaluation,model,Mitochondria,unknown
5abf3c531734ae9d,methods_tooling,method_evaluation,target,RENIN,protein
5acd266ee624b682,methods_tooling,decision_point,model,MOUSE,organism
5adb87132d07182d,methods_tooling,efficacy_result,target,RECEPTOR,protein
5b70b540822005e4,methods_tooling,method_evaluation,model,SERUM,biofluid
5d1bcf8b94b332b9,methods_tooling,efficacy_result,compound,METFORMIN,drug
5d1bcf8b94b332b9,methods_tooling,efficacy_result,model,HUMAN,organism
5d1bcf8b94b332b9,methods_tooling,efficacy_result,model,MICE,organism
5d1bcf8b94b332b9,methods_tooling,efficacy_result,model,Primates,unknown
5d1bcf8b94b332b9,methods_tooling,efficacy_result,model,RATS,organism
5d3c28916101a4f4,methods_tooling,decision_point,target,MTOR,protein
5d3c28916101a4f4,methods_tooling,decision_point,target,SIRT1,protein
5d3c28916101a4f4,methods_tooling,decision_point,target,SIRT6,protein
5d5bf54c6179056d,methods_tooling,method_evaluation,model,B cells,unknown
5d75821cd6edb932,methods_tooling,efficacy_result,compound,METFORMIN,drug
5d75821cd6edb932,methods_tooling,efficacy_result,model,Humans,organism
5dc25b1fd6eab1e2,methods_tooling,decision_point,compound,METFORMIN,drug
5ef2da5ce836a27c,construction,manufacturing_constraint,peptide,INDIRECT,
5f0e25d1c0ba43a5,methods_tooling,decision_point,compound,METFORMIN,drug
5f125850e1012e6c,methods_tooling,decision_point,model,BLOOD,biofluid
5f125850e1012e6c,methods_tooling,decision_point,model,HUMAN,organism
5f7ecac31362836a,methods_tooling,decision_point,compound,NAD+,drug
616287e889955bf0,methods_tooling,efficacy_result,model,DOG,organism
616287e889955bf0,methods_tooling,efficacy_result,model,HUMAN,organism
6183eccf537c5b06,methods_tooling,decision_point,compound,METFORMIN,drug
6183eccf537c5b06,methods_tooling,decision_point,model,Humans,organism
61b3a5dc8846ac3a,methods_tooling,method_evaluation,model,BSA,unknown
61b3a5dc8846ac3a,methods_tooling,method_evaluation,model,Lysate,unknown
62443f54b5dc20b1,methods_tooling,decision_point,model,In vivo,unknown
633233305e5b9e39,methods_tooling,decision_point,model,DOGS,unknown
640011d3f06d4727,methods_tooling,method_evaluation,model,SERUM,biofluid
645a24d96a5c7131,methods_tooling,method_evaluation,model,Plasma,biofluid
64faf111ee7bb724,methods_tooling,decision_point,model,Skeletal muscle,unknown
65b1cfc03e396419,construction,manufacturing_constraint,peptide,GALVANNEALED,
660a3e17bf2b7e69,methods_tooling,method_evaluation,model,Plasma,biofluid
6688cf8a2cdb54c1,methods_tooling,method_evaluation,model,Plasma,biofluid
668fb16362621def,methods_tooling,manufacturing_constraint,model,Mitochondrial,unknown
673d6991b51f02f6,methods_tooling,toxicity_flag,target,MTOR,protein
6847f8fa91ac8399,methods_tooling,method_evaluation,model,HUMAN,organism
68a33ff88afc1be0,methods_tooling,efficacy_result,model,In vivo,unknown
68a33ff88afc1be0,methods_tooling,efficacy_result,model,MICE,organism
6a1041f163fe0fc8,methods_tooling,method_evaluation,model,Plasma,biofluid
6a3458c345d68a4e,methods_tooling,toxicity_flag,model,K562,cell_line
6aa341ba639a8562,methods_tooling,manufacturing_constraint,model,Humans,organism
6aa341ba639a8562,methods_tooling,manufacturing_constraint,model,SERUM,biofluid
6b6899e74dd61f7b,methods_tooling,decision_point,stem_cell,mesenchymal,
6c30767d4272b5d6,methods_tooling,decision_point,model,Humans,organism
6c30767d4272b5d6,methods_tooling,decision_point,model,Tissue,unknown
6c3c6d40b87a8f59,methods_tooling,efficacy_result,model,Plasma,biofluid
6c696fcb6e388b5c,methods_tooling,decision_point,target,KINASE,protein
6c696fcb6e388b5c,methods_tooling,decision_point,target,RECEPTOR,protein
6d65538b17db3d2e,methods_tooling,toxicity_flag,model,RATS,organism
6d65538b17db3d2e,methods_tooling,toxicity_flag,model,TUMOR,unknown
6d7f6eb924561ca8,methods_tooling,method_evaluation,model,BLOOD,biofluid
6d7f6eb924561ca8,methods_tooling,method_evaluation,model,Plasma,biofluid
6d7f6eb924561ca8,methods_tooling,method_evaluation,model,SERUM,biofluid
6d7f6eb924561ca8,methods_tooling,method_evaluation,model,TUMOR,unknown
6d7f6eb924561ca8,methods_tooling,method_evaluation,model,URINE,biofluid
6d7f6eb924561ca8,methods_tooling,method_evaluation,target,TNF,protein
6e82716ce8ac39a6,methods_tooling,efficacy_result,model,HUMAN,organism
6e82716ce8ac39a6,methods_tooling,efficacy_result,model,SERUM,biofluid
6eaa53938fd94080,methods_tooling,method_evaluation,target,GLP-1R,protein
6f181ab79f66bc47,methods_tooling,method_evaluation,model,Plasma,biofluid
6f2b7415238fdf42,methods_tooling,method_evaluation,model,Bovine serum albumin,unknown
6f2b7415238fdf42,methods_tooling,method_evaluation,model,SERUM,biofluid
6f30c4fe90aa8c46,methods_tooling,method_evaluation,model,MICE,organism
6f5daf90d9268948,methods_tooling,toxicity_flag,model,BLOOD,biofluid
70550d05148fe9e8,methods_tooling,decision_point,model,Humans,organism
714a1f0c9423fdc3,methods_tooling,efficacy_result,compound,METFORMIN,drug
714a1f0c9423fdc3,methods_tooling,efficacy_result,model,Mitochondrial,unknown
71d584f2e42ef54d,methods_tooling,toxicity_flag,target,CASPASE,protein
71d584f2e42ef54d,methods_tooling,toxicity_flag,target,GPX1,protein
71d584f2e42ef54d,methods_tooling,toxicity_flag,target,NRF2,protein
71d584f2e42ef54d,methods_tooling,toxicity_flag,target,SOD1,protein
71d584f2e42ef54d,methods_tooling,toxicity_flag,target,SOD2,protein
726da6917713eba5,methods_tooling,toxicity_flag,model,BLOOD,biofluid
726da6917713eba5,methods_tooling,toxicity_flag,model,Skeletal muscle,unknown
728dae1e1768e259,methods_tooling,efficacy_result,model,DOG,organism
728dae1e1768e259,methods_tooling,efficacy_result,model,DOGS,unknown
734578f306b0e257,methods_tooling,efficacy_result,model,BLOOD,biofluid
746b2784f55d2d17,methods_tooling,manufacturing_constraint,model,DOGS,unknown
746b2784f55d2d17,methods_tooling,manufacturing_constraint,model,Humans,organism
746b2784f55d2d17,methods_tooling,manufacturing_constraint,model,MICE,organism
746b2784f55d2d17,methods_tooling,manufacturing_constraint,model,PIGS,unknown
746b2784f55d2d17,methods_tooling,manufacturing_constraint,model,RATS,organism
74a410b08986b7b6,methods_tooling,decision_point,model,DOGS,unknown
751c87f124673068,methods_tooling,decision_point,model,DOGS,unknown
75cb4c8e7e797220,methods_tooling,decision_point,peptide,HYPERTENSIVE,
785f3e2a7c5e7944,methods_tooling,manufacturing_constraint,model,Primates,unknown
785f3e2a7c5e7944,methods_tooling,manufacturing_constraint,model,RAT,organism
785f3e2a7c5e7944,methods_tooling,manufacturing_constraint,model,TUMOR,unknown
78a76ccbf74cf064,methods_tooling,method_evaluation,model,BSA,unknown
78a76ccbf74cf064,methods_tooling,method_evaluation,model,Bovine serum albumin,unknown
78a76ccbf74cf064,methods_tooling,method_evaluation,model,SERUM,biofluid
79e69cb122a37dfd,methods_tooling,toxicity_flag,model,K562,cell_line
7a2cf615cce34a91,methods_tooling,decision_point,model,Cytoplasm,unknown
7ac632fff056b30c,methods_tooling,efficacy_result,model,Skeletal muscle,unknown
7b34ebb1a0762da4,methods_tooling,efficacy_result,model,HUMAN,organism
7d6734b9f204ca02,methods_tooling,efficacy_result,model,Humans,organism
7dd815e1ce3b279f,methods_tooling,decision_point,model,DOGS,unknown
7e14139d2f93aa68,methods_tooling,method_evaluation,model,B cells,unknown
7e14139d2f93aa68,methods_tooling,method_evaluation,model,Plasma,biofluid
7e239c3c16da5c65,methods_tooling,decision_point,compound,EVEROLIMUS,drug
7e239c3c16da5c65,methods_tooling,decision_point,compound,METFORMIN,drug
7e239c3c16da5c65,methods_tooling,decision_point,model,HUMAN,organism
7ef0861756c166f3,construction,manufacturing_constraint,peptide,SHAPEFILESANDENVIEVF,
815ff055bb60482d,methods_tooling,decision_point,target,ACE,protein
819fd4ea46810cce,methods_tooling,efficacy_result,model,URINE,biofluid
81c4e7107229b919,methods_tooling,decision_point,model,In vivo,unknown
82abee514211ee51,methods_tooling,decision_point,model,Smooth muscle cells,unknown
8310d27e54c522f1,methods_tooling,decision_point,compound,SULFORAPHANE,drug
8310d27e54c522f1,methods_tooling,decision_point,model,In vivo,unknown
8361a8807b5ec602,methods_tooling,efficacy_result,compound,QUERCETIN,drug
8361a8807b5ec602,methods_tooling,efficacy_result,model,In vivo,unknown
83ef56fe88ef2291,methods_tooling,manufacturing_constraint,target,LC3,protein
83ff2819845d093e,methods_tooling,efficacy_result,target,ACE,protein
8409c576b4140a0d,methods_tooling,decision_point,model,BLOOD,biofluid
8409c576b4140a0d,methods_tooling,decision_point,target,TRANSFERASE,protein
843dd16dd11a4e03,methods_tooling,toxicity_flag,model,In vitro,unknown
843dd16dd11a4e03,methods_tooling,toxicity_flag,model,TUMOR,unknown
850c735cc0b5b7f4,methods_tooling,decision_point,model,In vivo,unknown
8510f5d02d034669,methods_tooling,method_evaluation,model,Plasma,biofluid
851201aa8b988cab,methods_tooling,method_evaluation,model,DOG,organism
85c86601b546fd43,methods_tooling,method_evaluation,model,HUMAN,organism
85c86601b546fd43,methods_tooling,method_evaluation,model,SERUM,biofluid
860fd1d9350011d3,methods_tooling,method_evaluation,model,PBMC,unknown
86649043da466890,methods_tooling,decision_point,model,In vivo,unknown
86649043da466890,methods_tooling,decision_point,model,MICE,organism
86e684f70b172697,methods_tooling,toxicity_flag,model,Humans,organism
87b7833f174ae674,methods_tooling,decision_point,target,RECEPTOR,protein
896eed03d6f79da6,methods_tooling,method_evaluation,model,Plasma,biofluid
899a3a75b7e7635a,methods_tooling,decision_point,model,HUMAN,organism
899a3a75b7e7635a,methods_tooling,decision_point,peptide,IDENTITY,
89b3d5b5e265600e,methods_tooling,efficacy_result,model,DOGS,unknown
89ff54de4e8094b0,methods_tooling,decision_point,model,Mitochondria,unknown
8ac8577f2e45831a,methods_tooling,efficacy_result,model,HUMAN,organism
8ae89677a7b48808,methods_tooling,toxicity_flag,compound,APIGENIN,drug
8ae89677a7b48808,methods_tooling,toxicity_flag,compound,QUERCETIN,drug
8ae89677a7b48808,methods_tooling,toxicity_flag,compound,RESVERATROL,drug
8b80f08ec97dd532,methods_tooling,method_evaluation,model,SERUM,biofluid
8ba6e3b59744b9aa,methods_tooling,decision_point,model,DOGS,unknown
8baa9683826573a3,methods_tooling,toxicity_flag,model,HUMAN,organism
8bcd701471ed0ede,methods_tooling,method_evaluation,model,DOG,organism
8bcd701471ed0ede,methods_tooling,method_evaluation,model,DOGS,unknown
8c863c0bb7527fa6,methods_tooling,method_evaluation,model,Plasma,biofluid
8dded568d93a82be,methods_tooling,toxicity_flag,model,HUMAN,organism
8e1d6a10b42346c2,methods_tooling,efficacy_result,compound,METFORMIN,drug
8e1d6a10b42346c2,methods_tooling,efficacy_result,model,HUMAN,organism
8ee6841b1a3ab834,methods_tooling,regulatory_risk,model,MICE,organism
8ef1ec5359c35ca5,methods_tooling,manufacturing_constraint,target,PDK1,protein
8ef7d2342bf06534,methods_tooling,decision_point,model,In vivo,unknown
8f71d435271c077b,methods_tooling,method_evaluation,model,In vivo,unknown
8f71d435271c077b,methods_tooling,method_evaluation,model,SERUM,biofluid
8f760274473dd761,methods_tooling,efficacy_result,model,HUMAN,organism
8f99020c88d555ef,methods_tooling,decision_point,model,BLOOD,biofluid
8f99020c88d555ef,methods_tooling,decision_point,model,DOGS,unknown
9028f63c42ad8356,methods_tooling,decision_point,compound,METFORMIN,drug
9028f63c42ad8356,methods_tooling,decision_point,model,Mitochondria,unknown
90a5e8b16b8e10bc,methods_tooling,method_evaluation,model,Mitochondria,unknown
91435973863f2d56,methods_tooling,decision_point,model,DOG,organism
91435973863f2d56,methods_tooling,decision_point,model,DOGS,unknown
9273bc965197689a,methods_tooling,decision_point,model,MICE,organism
92a691887c6a80f5,methods_tooling,manufacturing_constraint,model,Skeletal muscle,unknown
936edccc13b4a71e,construction,manufacturing_constraint,peptide,GALVANNEALED,
938b0c7052b3f6c8,methods_tooling,decision_point,model,In vitro,unknown
938b0c7052b3f6c8,methods_tooling,decision_point,model,In vivo,unknown
93ce82d56df14839,methods_tooling,decision_point,model,In vitro,unknown
93ce82d56df14839,methods_tooling,decision_point,model,In vivo,unknown
93ce82d56df14839,methods_tooling,decision_point,model,Macrophages,unknown
94c62ce8401b8ad9,methods_tooling,method_evaluation,model,DMEM,unknown
94c62ce8401b8ad9,methods_tooling,method_evaluation,model,FBS,unknown
94c62ce8401b8ad9,methods_tooling,method_evaluation,model,MOUSE,organism
94fbeafb0e71ca00,methods_tooling,efficacy_result,compound,METFORMIN,drug
95c2172afdf6fc93,methods_tooling,toxicity_flag,compound,QUERCETIN,drug
96815cb93e425fad,methods_tooling,decision_point,model,Tissue,unknown
96d0348c4269d9ee,methods_tooling,method_evaluation,model,SERUM,biofluid
96f3c01f05ffc123,methods_tooling,stability_issue,target,P62,protein
97008e83afdaf499,methods_tooling,toxicity_flag,model,K562,cell_line
9745bee75ee5eb75,methods_tooling,method_evaluation,model,Plasma,biofluid
97d9b0232f03ad8b,methods_tooling,toxicity_flag,compound,RESVERATROL,drug
990969f0f8e6ee0b,methods_tooling,method_evaluation,model,DOGS,unknown
990969f0f8e6ee0b,methods_tooling,method_evaluation,model,SERUM,biofluid
9934a06c4db2d2f4,methods_tooling,decision_point,model,In vivo,unknown
99b56b70369312bd,methods_tooling,decision_point,model,Jurkat,unknown
99b56b70369312bd,methods_tooling,decision_point,model,Monocytes,unknown
99b56b70369312bd,methods_tooling,decision_point,model,RPMI,unknown
99b56b70369312bd,methods_tooling,decision_point,model,U937,cell_line
99e93162421c0c5f,methods_tooling,method_evaluation,model,SERUM,biofluid
99fb04d6fd0dd82e,methods_tooling,method_evaluation,model,Plasma,biofluid
9a60a801ddbc1725,methods_tooling,decision_point,model,DOGS,unknown
9b89c253452d0c55,methods_tooling,efficacy_result,model,HUMAN,organism
9b8b4b3b784414b2,methods_tooling,method_evaluation,model,In vitro,unknown
9b96e1a8f2eda0dd,methods_tooling,decision_point,compound,NAD+,drug
9bca096f62e8af8f,construction,manufacturing_constraint,peptide,RESIDENTIAL,
9c2304d92be1553d,methods_tooling,method_evaluation,target,SYNTHASE,protein
9c2cadb81dccf627,methods_tooling,toxicity_flag,model,MICE,organism
9c2cadb81dccf627,methods_tooling,toxicity_flag,target,RECEPTOR,protein
9c2cadb81dccf627,methods_tooling,toxicity_flag,target,TNF,protein
9cae4caf87f1bb0a,methods_tooling,toxicity_flag,model,Humans,organism
9d6cfec920694a1f,methods_tooling,regulatory_risk,model,Tissue,unknown
9d6cfec920694a1f,methods_tooling,regulatory_risk,target,AKT,protein
9d6cfec920694a1f,methods_tooling,regulatory_risk,target,MTOR,protein
9d6cfec920694a1f,methods_tooling,regulatory_risk,target,PI3K,protein
9dac315587871e60,methods_tooling,method_evaluation,model,SERUM,biofluid
9e219d5677c754a8,methods_tooling,decision_point,compound,EVEROLIMUS,drug
9ec356398be829b0,methods_tooling,method_evaluation,model,HUMAN,organism
9f28abb49f15283f,methods_tooling,toxicity_flag,model,K562,cell_line
9f75bdda2ffc8abc,methods_tooling,efficacy_result,model,BLOOD,biofluid
a08b140da443a2e7,methods_tooling,method_evaluation,target,TLR9,protein
a2d00f5a4164a827,methods_tooling,method_evaluation,model,Bovine serum albumin,unknown
a2d00f5a4164a827,methods_tooling,method_evaluation,model,SERUM,biofluid
a315076bfbba13e8,methods_tooling,efficacy_result,model,Mitochondria,unknown
a315076bfbba13e8,methods_tooling,efficacy_result,model,Tissue,unknown
a315076bfbba13e8,methods_tooling,efficacy_result,model,White adipose tissue,unknown
a4192da34aedec18,methods_tooling,method_evaluation,model,DOGS,unknown
a4192da34aedec18,methods_tooling,method_evaluation,model,Plasma,biofluid
a4192da34aedec18,methods_tooling,method_evaluation,model,SERUM,biofluid
a5ec7d86af2396b5,methods_tooling,decision_point,compound,METFORMIN,drug
a71d591a745c52ad,methods_tooling,decision_point,model,HUMAN,organism
a7c7f369b109fd05,methods_tooling,method_evaluation,model,SERUM,biofluid
a7c7f369b109fd05,methods_tooling,method_evaluation,model,Skeletal muscle,unknown
a7c7f369b109fd05,methods_tooling,method_evaluation,target,TRANSPORTER,protein
a80a7de4f29d943f,methods_tooling,method_evaluation,model,HUMAN,organism
a80a7de4f29d943f,methods_tooling,method_evaluation,model,Plasma,biofluid
a83dc8524551ebef,methods_tooling,efficacy_result,model,In vivo,unknown
a83dc8524551ebef,methods_tooling,efficacy_result,model,MICE,organism
a88b0b96467aa87b,methods_tooling,decision_point,model,DOG,organism
a9f1889066e2e9b2,methods_tooling,efficacy_result,model,Humans,organism
a9f1889066e2e9b2,methods_tooling,efficacy_result,model,MICE,organism
a9f1889066e2e9b2,methods_tooling,efficacy_result,model,SERUM,biofluid
aa871c837c41f673,methods_tooling,method_evaluation,model,HUMAN,organism
aa871c837c41f673,methods_tooling,method_evaluation,model,MICE,organism
aa871c837c41f673,methods_tooling,method_evaluation,model,SERUM,biofluid
ab3116794d9e29d7,methods_tooling,method_evaluation,model,Plasma,biofluid
ab5295a923c2da72,methods_tooling,manufacturing_constraint,model,Humans,organism
ac2f6563366585c7,methods_tooling,decision_point,model,Tissue,unknown
ac3ae2a3ee52bb86,methods_tooling,decision_point,stem_cell,differentiation,
ac3ae2a3ee52bb86,methods_tooling,decision_point,target,ERK1,protein
ac5ccf45ae65be09,methods_tooling,method_evaluation,model,DOGS,unknown
ac5ccf45ae65be09,methods_tooling,method_evaluation,model,URINE,biofluid
acd5ad5ef4062f06,methods_tooling,method_evaluation,model,Plasma,biofluid
ad1081898ffea610,methods_tooling,toxicity_flag,model,MOUSE,organism
adb6f84f06d1a011,methods_tooling,method_evaluation,model,Plasma,biofluid
adb8eb879b8b08d5,methods_tooling,method_evaluation,model,SERUM,biofluid
ae1cb293de6689c9,methods_tooling,method_evaluation,model,Plasma,biofluid
aea978fd86415e10,methods_tooling,method_evaluation,model,Plasma,biofluid
aea978fd86415e10,methods_tooling,method_evaluation,model,Skeletal muscle,unknown
afdfce1dab9bef7b,methods_tooling,method_evaluation,model,SERUM,biofluid
b032b4611bf43733,methods_tooling,decision_point,model,Mitochondria,unknown
b032b4611bf43733,methods_tooling,decision_point,model,Mitochondrial,unknown
b0e55934b3679f1c,methods_tooling,efficacy_result,model,In vitro,unknown
b0e55934b3679f1c,methods_tooling,efficacy_result,model,In vivo,unknown
b16f9e29adc431c2,methods_tooling,efficacy_result,model,MICE,organism
b22699021ce388b6,methods_tooling,decision_point,model,DOGS,unknown
b2d348d6dadc5022,methods_tooling,decision_point,model,Knockout,unknown
b2d348d6dadc5022,methods_tooling,decision_point,model,MICE,organism
b2d348d6dadc5022,methods_tooling,decision_point,model,Skeletal muscle,unknown
b2e265dedaeb31f8,methods_tooling,regulatory_risk,model,T cells,unknown
b304dff1c2327c78,methods_tooling,regulatory_risk,model,DOGS,unknown
b3a62c65a13698a6,methods_tooling,decision_point,model,DOGS,unknown
b4284b68dc31720a,methods_tooling,toxicity_flag,model,HUMAN,organism
b44f83e3cceb3fe5,methods_tooling,efficacy_result,compound,METFORMIN,drug
b44f83e3cceb3fe5,methods_tooling,efficacy_result,model,Mitochondria,unknown
b55f39f56ebacfcf,methods_tooling,decision_point,model,Ex vivo,unknown
b55f39f56ebacfcf,methods_tooling,decision_point,model,In vivo,unknown
b5771692002f9e64,methods_tooling,method_evaluation,model,Plasma,biofluid
b5c9c96a62e656f5,methods_tooling,decision_point,target,FURIN,protein
b60f973e7bf83845,methods_tooling,decision_point,model,DOGS,unknown
b68b4beb377764a4,methods_tooling,efficacy_result,model,SERUM,biofluid
b6aacc8be86705d0,methods_tooling,efficacy_result,model,MICE,organism
b6aacc8be86705d0,methods_tooling,efficacy_result,stem_cell,differentiation,
b6aacc8be86705d0,methods_tooling,efficacy_result,stem_cell,stem cell,
b77d054c9c8c8285,methods_tooling,decision_point,target,RECEPTOR,protein
b7d540e01cf0df56,methods_tooling,decision_point,target,TLR4,protein
b89206833773f563,methods_tooling,manufacturing_constraint,model,In vivo,unknown
b89206833773f563,methods_tooling,manufacturing_constraint,model,MICE,organism
b89206833773f563,methods_tooling,manufacturing_constraint,model,Tissue,unknown
b8cc9521fcd1f9b6,methods_tooling,method_evaluation,model,Plasma,biofluid
b8d0d79612e041c6,methods_tooling,method_evaluation,model,Plasma,biofluid
ba48ee407dc61f44,methods_tooling,decision_point,model,DOG,organism
bab3ba02a48d4263,methods_tooling,method_evaluation,model,MICE,organism
bab3ba02a48d4263,methods_tooling,method_evaluation,model,SERUM,biofluid
bb4e385a95b6e549,methods_tooling,manufacturing_constraint,target,AMPK,protein
bb4e385a95b6e549,methods_tooling,manufacturing_constraint,target,SIRT1,protein
bc236a8ec0bb6671,methods_tooling,decision_point,model,In vivo,unknown
bc236a8ec0bb6671,methods_tooling,decision_point,model,Macrophages,unknown
bc830b7c4b0a3b87,methods_tooling,decision_point,model,Skeletal muscle,unknown
bc858b351d04d399,methods_tooling,method_evaluation,target,LC3,protein
bd4bcf6d93684dc4,methods_tooling,method_evaluation,model,SERUM,biofluid
bd54b471f60740a6,methods_tooling,method_evaluation,model,SERUM,biofluid
bdc191c81b95a3ed,methods_tooling,stability_issue,compound,METFORMIN,drug
bef30f7abf4ebdb9,methods_tooling,method_evaluation,model,Plasma,biofluid
c0531a1fea827268,methods_tooling,method_evaluation,model,Plasma,biofluid
c065e33ea3fd8410,methods_tooling,method_evaluation,model,Humans,organism
c065e33ea3fd8410,methods_tooling,method_evaluation,model,Plasma,biofluid
c065e33ea3fd8410,methods_tooling,method_evaluation,model,SERUM,biofluid
c065e33ea3fd8410,methods_tooling,method_evaluation,model,Tissue,unknown
c0d8b59582b8e47c,methods_tooling,decision_point,model,HUMAN,organism
c15ac38db6b13127,methods_tooling,decision_point,stem_cell,stem cell,
c166e63a5197c559,methods_tooling,toxicity_flag,model,Mitochondria,unknown
c25185f16ae5c5af,methods_tooling,regulatory_risk,model,T cells,unknown
c28c0bcb6f9b1bf6,methods_tooling,toxicity_flag,model,Mitochondrial,unknown
c28c0bcb6f9b1bf6,methods_tooling,toxicity_flag,stem_cell,differentiation,
c47d38f5902abf06,methods_tooling,manufacturing_constraint,model,Plasma,biofluid
c49f8889d2e659ee,methods_tooling,regulatory_risk,model,BLOOD,biofluid
c49f8889d2e659ee,methods_tooling,regulatory_risk,model,DOGS,unknown
c4df07bcc59f7360,methods_tooling,method_evaluation,model,Plasma,biofluid
c592d42879d03675,methods_tooling,decision_point,compound,QUERCETIN,drug
c5b6f2c3dd584365,methods_tooling,manufacturing_constraint,compound,GLUCAGON,drug
c5b6f2c3dd584365,methods_tooling,manufacturing_constraint,model,Pancreatic islets,unknown
c668a80e2bd9d2f2,methods_tooling,method_evaluation,model,SERUM,biofluid
c7874756d726ace5,methods_tooling,efficacy_result,compound,METFORMIN,drug
c7874756d726ace5,methods_tooling,efficacy_result,model,Mitochondrial,unknown
c7874756d726ace5,methods_tooling,efficacy_result,target,AMPK,protein
c8b86f8111a47fae,methods_tooling,method_evaluation,model,Plasma,biofluid
c8b86f8111a47fae,methods_tooling,method_evaluation,target,CAT,protein
c941e7ba688f3794,methods_tooling,decision_point,target,RECEPTOR,protein
c9ab8f0e7fc8792e,methods_tooling,decision_point,model,In vivo,unknown
c9efab49f2570c4e,methods_tooling,method_evaluation,model,Plasma,biofluid
c9ff81576f7bafa4,methods_tooling,decision_point,model,MOUSE,organism
c9ff81576f7bafa4,methods_tooling,decision_point,peptide,DERIVATIVES,
cafe1b43d3edf8e2,methods_tooling,method_evaluation,model,Plasma,biofluid
cafe1b43d3edf8e2,methods_tooling,method_evaluation,model,SERUM,biofluid
cb259fe33710d5d1,methods_tooling,toxicity_flag,model,K562,cell_line
cc5c4b33dc6ebfc7,methods_tooling,decision_point,compound,QUERCETIN,drug
cc9a4c22a006fd48,methods_tooling,decision_point,compound,SPERMIDINE,drug
cc9a4c22a006fd48,methods_tooling,decision_point,target,P21,protein
cd038df928202855,methods_tooling,method_evaluation,model,MICE,organism
ce4d3251c798e295,methods_tooling,efficacy_result,compound,METFORMIN,drug
cef93cb82bf82405,methods_tooling,regulatory_risk,model,Adipocytes,unknown
cf8b7f47fff8bf7d,methods_tooling,decision_point,model,In vivo,unknown
d05efcdb34402bac,methods_tooling,other,target,IL-6,protein
d098b79b5cd690cb,methods_tooling,efficacy_result,compound,METFORMIN,drug
d0a3e9b5ffda7d9e,methods_tooling,regulatory_risk,stem_cell,stem cell,
d115230bbd639580,methods_tooling,method_evaluation,model,HUMAN,organism
d115230bbd639580,methods_tooling,method_evaluation,model,MOUSE,organism
d115230bbd639580,methods_tooling,method_evaluation,model,SERUM,biofluid
d14f180e7e55f08e,methods_tooling,method_evaluation,model,BLOOD,biofluid
d14f180e7e55f08e,methods_tooling,method_evaluation,model,MICE,organism
d14f180e7e55f08e,methods_tooling,method_evaluation,model,SERUM,biofluid
d14f180e7e55f08e,methods_tooling,method_evaluation,model,Skeletal muscle,unknown
d14f180e7e55f08e,methods_tooling,method_evaluation,model,Transgenic,unknown
d1810d148fa68638,methods_tooling,decision_point,model,In vivo,unknown
d1f0688a7fb2d84a,methods_tooling,decision_point,model,BLOOD,biofluid
d387d3b65fa2a70e,methods_tooling,decision_point,model,BLOOD,biofluid
d4615225a82cddfd,methods_tooling,method_evaluation,model,Plasma,biofluid
d4615225a82cddfd,methods_tooling,method_evaluation,target,IL-6,protein
d4f50b212319326e,methods_tooling,method_evaluation,target,LC3,protein
d50728e5c59b3544,methods_tooling,method_evaluation,model,Plasma,biofluid
d58aca84c03a5831,methods_tooling,decision_point,model,MICE,organism
d65fb6e48528f3dc,methods_tooling,regulatory_risk,model,In vitro,unknown
d694d8f550451d50,methods_tooling,decision_point,model,In vivo,unknown
d7a5484fd0347799,methods_tooling,method_evaluation,model,SERUM,biofluid
d829e822d9b952d4,methods_tooling,method_evaluation,model,Plasma,biofluid
d8956684a53fb10f,methods_tooling,decision_point,model,Skeletal muscle,unknown
d8e2e7a19c3fbe8e,methods_tooling,decision_point,model,In vivo,unknown
d8f41a3ba6085405,methods_tooling,method_evaluation,compound,GLUCAGON,drug
d8f41a3ba6085405,methods_tooling,method_evaluation,compound,METFORMIN,drug
d8f41a3ba6085405,methods_tooling,method_evaluation,compound,NAD+,drug
d8f41a3ba6085405,methods_tooling,method_evaluation,compound,SPERMIDINE,drug
d8f41a3ba6085405,methods_tooling,method_evaluation,model,HUMAN,organism
d919510ec2255405,methods_tooling,efficacy_result,model,SERUM,biofluid
d92f7e0da8256ff4,methods_tooling,decision_point,model,MICE,organism
dab6b8dc7157c4eb,methods_tooling,method_evaluation,model,Plasma,biofluid
daef9560c36152ed,methods_tooling,decision_point,model,HUMAN,organism
db53cd483cb22583,methods_tooling,decision_point,model,HUMAN,organism
db5b41825d32bb3b,methods_tooling,efficacy_result,model,BLOOD,biofluid
db5b41825d32bb3b,methods_tooling,efficacy_result,model,SERUM,biofluid
db95c6c621e079e1,methods_tooling,toxicity_flag,model,In vitro,unknown
db95c6c621e079e1,methods_tooling,toxicity_flag,model,RAT,organism
dba8fae9745d1218,methods_tooling,manufacturing_constraint,model,Humans,organism
dd1ba7d29b0bda6d,methods_tooling,toxicity_flag,model,MICE,organism
dd1ba7d29b0bda6d,methods_tooling,toxicity_flag,stem_cell,differentiation,
dd5f13b4901a547f,methods_tooling,method_evaluation,model,MICE,organism
dd5f13b4901a547f,methods_tooling,method_evaluation,model,SERUM,biofluid
de4019b11c53cfb5,methods_tooling,decision_point,target,UBIQUITIN,protein
df55083c5e12900a,methods_tooling,toxicity_flag,model,HUMAN,organism
dfe57bdbebdee6a3,methods_tooling,decision_point,model,Humans,organism
e04d8ca55111373b,methods_tooling,manufacturing_constraint,target,RECEPTOR,protein
e0a319ceb97e2222,methods_tooling,method_evaluation,compound,QUERCETIN,drug
e13527374d80fc5f,methods_tooling,toxicity_flag,compound,METFORMIN,drug
e13527374d80fc5f,methods_tooling,toxicity_flag,model,Humans,organism
e13527374d80fc5f,methods_tooling,toxicity_flag,model,Plasma,biofluid
e13527374d80fc5f,methods_tooling,toxicity_flag,model,SERUM,biofluid
e1b50e19d5a42033,methods_tooling,method_evaluation,model,BLOOD,biofluid
e1b50e19d5a42033,methods_tooling,method_evaluation,target,PHOSPHATASE,protein
e1cb8d3b0afa27c9,methods_tooling,method_evaluation,model,Plasma,biofluid
e1ceb98cd3f831c7,methods_tooling,decision_point,model,In vivo,unknown
e1ceb98cd3f831c7,methods_tooling,decision_point,model,TUMOR,unknown
e1fdeab258b73179,methods_tooling,method_evaluation,model,SERUM,biofluid
e25fb734e9b74c76,methods_tooling,decision_point,model,DOG,organism
e26214805d060deb,methods_tooling,decision_point,model,BLOOD,biofluid
e2ca8e2145b5ba81,methods_tooling,method_evaluation,model,Organoid,3d_model
e2ca8e2145b5ba81,methods_tooling,method_evaluation,model,organoid,
e2f1a5e0362a93c0,methods_tooling,efficacy_result,model,SERUM,biofluid
e2fad3bb8155c3a3,methods_tooling,decision_point,compound,METFORMIN,drug
e32265470eb0850e,methods_tooling,decision_point,target,FOXO3,protein
e34987bcf7f7eecc,methods_tooling,efficacy_result,model,In vitro,unknown
e34987bcf7f7eecc,methods_tooling,efficacy_result,model,In vivo,unknown
e34987bcf7f7eecc,methods_tooling,efficacy_result,model,MICE,organism
e5aff65c4e2ed9d7,methods_tooling,decision_point,model,BLOOD,biofluid
e5aff65c4e2ed9d7,methods_tooling,decision_point,model,TUMOR,unknown
e60d6f531b08b7d2,methods_tooling,cost_tradeoff,model,Plasma,biofluid
e616378c2163e3c7,methods_tooling,method_evaluation,model,SERUM,biofluid
e616378c2163e3c7,methods_tooling,method_evaluation,stem_cell,differentiation,
e6e0fb077c7757f0,methods_tooling,efficacy_result,peptide,ALLEVIATE,
e7b8e881b39ea56a,methods_tooling,manufacturing_constraint,compound,GLUCAGON,drug
e8358af930d8a4f8,methods_tooling,decision_point,target,ACE,protein
e84e9c6234c89121,methods_tooling,decision_point,target,FOXO3,protein
e84e9c6234c89121,methods_tooling,decision_point,target,IL6,protein
e89fa0525b392246,methods_tooling,efficacy_result,model,MICE,organism
e9281e7d8a1ceb8b,methods_tooling,decision_point,target,ACE,protein
e988167a8d839d8f,methods_tooling,method_evaluation,model,HUMAN,organism
e988167a8d839d8f,methods_tooling,method_evaluation,model,Plasma,biofluid
ea3c9d9fc295f270,methods_tooling,method_evaluation,peptide,CELLSIGNALING,
ea6b395707736f69,methods_tooling,method_evaluation,model,Plasma,biofluid
eaaf335a9a4662fb,methods_tooling,regulatory_risk,model,T cells,unknown
eb070fb011fc793a,methods_tooling,decision_point,model,TUMOR,unknown
eb070fb011fc793a,methods_tooling,decision_point,target,RECEPTOR,protein
ebfb4f88294aa862,methods_tooling,method_evaluation,model,HUMAN,organism
ec24156ed669fd72,methods_tooling,method_evaluation,model,Extract,unknown
ec24156ed669fd72,methods_tooling,method_evaluation,model,SERUM,biofluid
ec24156ed669fd72,methods_tooling,method_evaluation,stem_cell,differentiation,
ec4f5b254b36425a,methods_tooling,method_evaluation,model,SERUM,biofluid
eda869bf2707b3b6,methods_tooling,decision_point,model,HUMAN,organism
eda869bf2707b3b6,methods_tooling,decision_point,target,IL-6,protein
ee219827cf3cb042,methods_tooling,decision_point,model,DOG,organism
ee219827cf3cb042,methods_tooling,decision_point,model,DOGS,unknown
ee600a96a3ea1b56,methods_tooling,efficacy_result,target,NF-ΚB,protein
ee74d8b5ad7f7ad8,methods_tooling,method_evaluation,compound,QUERCETIN,drug
ee74d8b5ad7f7ad8,methods_tooling,method_evaluation,model,SERUM,biofluid
ef1dddea4fa2d0ba,methods_tooling,decision_point,model,In vivo,unknown
ef1dddea4fa2d0ba,methods_tooling,decision_point,model,MOUSE,organism
ef1dddea4fa2d0ba,methods_tooling,decision_point,model,TUMOR,unknown
ef23c6aa28817d7b,methods_tooling,decision_point,model,Skeletal muscle,unknown
ef23c6aa28817d7b,methods_tooling,decision_point,target,RECEPTOR,protein
ef721fae06fe20b7,methods_tooling,method_evaluation,model,MOUSE,organism
ef721fae06fe20b7,methods_tooling,method_evaluation,model,Plasma,biofluid
ef8096264930ec45,methods_tooling,manufacturing_constraint,model,HUMAN,organism
efa726eec970a663,methods_tooling,method_evaluation,model,SERUM,biofluid
f007b043d862d540,methods_tooling,decision_point,model,Tissue,unknown
f13b2e550414faf2,methods_tooling,decision_point,target,ACE,protein
f16cfcf76ff1ae12,methods_tooling,decision_point,stem_cell,stem cell,
f1b3dab5473cfdb6,methods_tooling,decision_point,model,BLOOD,biofluid
f235b3f2a7e83602,methods_tooling,decision_point,compound,QUERCETIN,drug
f384b1add72a41fb,methods_tooling,regulatory_risk,stem_cell,MSC,
f4176843f9355ad8,methods_tooling,toxicity_flag,target,AKT,protein
f4176843f9355ad8,methods_tooling,toxicity_flag,target,NF-ΚB,protein
f4552772fe7008c6,methods_tooling,decision_point,compound,DEXAMETHASONE,drug
f48c2ee76f3384f8,methods_tooling,manufacturing_constraint,model,BLOOD,biofluid
f557115c81f7f91e,methods_tooling,toxicity_flag,model,Mitochondrial,unknown
f55bbd06c7478a81,methods_tooling,decision_point,model,DOG,organism
f58c28283ca521c3,methods_tooling,method_evaluation,model,SERUM,biofluid
f6b6e4e7deb17c97,methods_tooling,toxicity_flag,model,Mitochondria,unknown
f70760e10f545000,methods_tooling,decision_point,model,TUMOR,unknown
f780ab9aa0da7da5,methods_tooling,method_evaluation,model,BLOOD,biofluid
f780ab9aa0da7da5,methods_tooling,method_evaluation,model,DOG,organism
f780ab9aa0da7da5,methods_tooling,method_evaluation,model,DOGS,unknown
f780ab9aa0da7da5,methods_tooling,method_evaluation,model,SERUM,biofluid
f7852a7bab8fee5c,methods_tooling,method_evaluation,model,DOGS,unknown
f7852a7bab8fee5c,methods_tooling,method_evaluation,model,SERUM,biofluid
f7de7076090e32e9,methods_tooling,method_evaluation,model,Plasma,biofluid
f80e053d42f21b86,methods_tooling,toxicity_flag,model,HUMAN,organism
f82b37ed11f2c9ec,methods_tooling,efficacy_result,compound,METFORMIN,drug
f82b37ed11f2c9ec,methods_tooling,efficacy_result,target,RECEPTOR,protein
f89dd38cb979c434,methods_tooling,regulatory_risk,model,B cells,unknown
f89dd38cb979c434,methods_tooling,regulatory_risk,model,T cells,unknown
f8a67246df33bee3,methods_tooling,method_evaluation,model,Bovine serum albumin,unknown
f8a67246df33bee3,methods_tooling,method_evaluation,model,SERUM,biofluid
f982b0f0cf3c410b,methods_tooling,decision_point,model,MICE,organism
f98cf7a45b4b5fda,methods_tooling,method_evaluation,model,Plasma,biofluid
f98db0713fd3d121,methods_tooling,method_evaluation,model,Skeletal muscle,unknown
fa6107dd10aa2bc8,methods_tooling,method_evaluation,model,DOG,organism
fb3265854252ba44,methods_tooling,method_evaluation,model,Plasma,biofluid
fb3f3b9d33a96a62,methods_tooling,efficacy_result,model,In vivo,unknown
fb3f3b9d33a96a62,methods_tooling,efficacy_result,model,MOUSE,organism
fcc155c86a2260df,methods_tooling,method_evaluation,model,Plasma,biofluid
fd2f427aa18f114d,methods_tooling,manufacturing_constraint,model,Mitochondria,unknown
fdc56b0e19b29b56,methods_tooling,manufacturing_constraint,model,DOGS,unknown
fe2709346362ff75,methods_tooling,decision_point,model,Skeletal muscle,unknown
fe7454ae9920a1aa,methods_tooling,manufacturing_constraint,model,In vitro,unknown
ff29bf631f21f78d,methods_tooling,decision_point,model,Knockout,unknown
ff29bf631f21f78d,methods_tooling,decision_point,model,MICE,organism
ff4078f72cadd8a4,methods_tooling,method_evaluation,model,In vivo,unknown
ff4078f72cadd8a4,methods_tooling,method_evaluation,model,SERUM,biofluid
ff4078f72cadd8a4,methods_tooling,method_evaluation,stem_cell,differentiation,
ff8f2f9fab5c6967,methods_tooling,regulatory_risk,model,Brown adipose tissue,unknown
ff8f2f9fab5c6967,methods_tooling,regulatory_risk,model,Tissue,unknown
ff8f2f9fab5c6967,methods_tooling,regulatory_risk,model,White adipose tissue,unknown
ff8f2f9fab5c6967,methods_tooling,regulatory_risk,target,AMPK,protein
ff8f2f9fab5c6967,methods_tooling,regulatory_risk,target,KINASE,protein
ff8f2f9fab5c6967,methods_tooling,regulatory_risk,target,TRANSPORTER,protein
ffcbc6be651e31c0,methods_tooling,method_evaluation,model,Plasma,biofluid
ffe2262141593fd8,methods_tooling,method_evaluation,model,SERUM,biofluid
