source_path,destination_path,detected_domain,keep_skip_review,confidence,title,reason
cache\rss\0414a0cae8e26c422cbc3234e8d46822350be7201ffa071e241101fc000bebc8.pdf,main_pdfs_corrected\unknown\review\rss\0414a0cae8e26c422cbc3234e8d46822350be7201ffa071e241101fc000bebc8.pdf,unknown,review,low,41408506,mixed or weak signals; construction=none; building_context=none; contamination=none; climate=none
cache\rss\048793376e84cfc9a50cfdeba112497b.pdf,main_pdfs_corrected\physics\review\rss\048793376e84cfc9a50cfdeba112497b.pdf,physics,review,low,Evaporative thermo-fluidics and deposition patterns in,mixed or weak signals; construction=none; building_context=none; contamination=none; climate=none
cache\rss\04bc4e847574bd8e92d8758083548f9b.pdf,main_pdfs_corrected\physics\review\rss\04bc4e847574bd8e92d8758083548f9b.pdf,physics,review,low,Optical Modulation Due to Energy Exchange Between Photonic,mixed or weak signals; construction=materials; building_context=none; contamination=none; climate=none
cache\rss\06a07821b80851b51ee847500ce227f1.pdf,main_pdfs_corrected\physics\review\rss\06a07821b80851b51ee847500ce227f1.pdf,physics,review,med,3D Finite Element-Based Multiphysics Simulation of a Shape Memory Alloy Hybrid Composite Module,"mixed or weak signals; construction=code, materials; building_context=none; contamination=none; climate=none"
cache\rss\086150b24ff9fba2e0de7660ec9d6979.pdf,main_pdfs_corrected\physics\review\rss\086150b24ff9fba2e0de7660ec9d6979.pdf,physics,review,low,Light-propelled microparticles based on symmetry-broken refractive index profiles,mixed or weak signals; construction=materials; building_context=none; contamination=none; climate=none
cache\rss\0a21751c2a919993e557a1ba67e91de2.pdf,main_pdfs_corrected\physics\review\rss\0a21751c2a919993e557a1ba67e91de2.pdf,physics,review,low,Propagation of laser-generated GHz surface acoustic wavepackets in FeRh/MgO(001) below and above the antiferromagnetic-ferromagnetic phase transition,mixed or weak signals; construction=none; building_context=none; contamination=none; climate=none
cache\rss\0d68fa3c0ca709a8e9486077f02ec5bf8896429791add4d3ec475c80b57fcdfb.pdf,main_pdfs_corrected\unknown\review\rss\0d68fa3c0ca709a8e9486077f02ec5bf8896429791add4d3ec475c80b57fcdfb.pdf,unknown,review,low,The dynamics of nucleolus-centromeres interaction in living cells,mixed or weak signals; construction=none; building_context=none; contamination=none; climate=none
cache\rss\0e4722d26a98838ce413273024643135.pdf,main_pdfs_corrected\physics\review\rss\0e4722d26a98838ce413273024643135.pdf,physics,review,low,Magneto-optical imaging of macroscopic altermagnetic domains in MnTe,mixed or weak signals; construction=none; building_context=none; contamination=none; climate=none
cache\rss\0f6319e3cefbd8a5758cbe5ca28381e5.pdf,main_pdfs_corrected\materials_science\review\rss\0f6319e3cefbd8a5758cbe5ca28381e5.pdf,materials_science,review,low,"be transferred without notice, after which this version may no longer be accessible.",mixed or weak signals; construction=materials; building_context=none; contamination=none; climate=none
cache\rss\12d4cef5b3608fe043a0c3102b7786bb051650ebfb7b901332722119174159ff.pdf,main_pdfs_corrected\unknown\review\rss\12d4cef5b3608fe043a0c3102b7786bb051650ebfb7b901332722119174159ff.pdf,unknown,review,low,Automated extraction of primary cilia-based biomarkers reveals ageing of cells.,mixed or weak signals; construction=none; building_context=none; contamination=none; climate=none
cache\rss\15b45e04723946e2c91c8986a733faac4245f6da33dafc1f26d4a7454ccc3d41.pdf,main_pdfs_corrected\biomedical\review\rss\15b45e04723946e2c91c8986a733faac4245f6da33dafc1f26d4a7454ccc3d41.pdf,biomedical,review,low,Endosomal hitchhiking and NDR kinase signaling coordinate SsdA-mRNP localization,mixed or weak signals; construction=none; building_context=none; contamination=protein; climate=none
cache\rss\187c040748efb9887dee7df8da3442ea.pdf,main_pdfs_corrected\materials_science\review\rss\187c040748efb9887dee7df8da3442ea.pdf,materials_science,review,med,An Investigation in the Kinetic Persistence of TiO$_2$ Polymorphs using Machine Learning Driven Pathfinding in Crystal Configuration Space,"mixed or weak signals; construction=materials, structural; building_context=none; contamination=none; climate=none"
cache\rss\19c8641eb0ac6abaff65e3ca55e3935f.pdf,main_pdfs_corrected\materials_science\review\rss\19c8641eb0ac6abaff65e3ca55e3935f.pdf,materials_science,review,low,Persistent Free Volume Governs (Anti-)plasticization in Chitosan-Water Mixtures,mixed or weak signals; construction=materials; building_context=none; contamination=none; climate=none
cache\rss\1c8dd7a388a3bb8daf823a59d735afd2.pdf,main_pdfs_corrected\biomedical\review\rss\1c8dd7a388a3bb8daf823a59d735afd2.pdf,biomedical,review,low,PUFFIN: Protein Unit Discovery with Functional Supervision,mixed or weak signals; construction=none; building_context=none; contamination=protein; climate=none
cache\rss\1d4356f9d08860dcaec278dedd4263cc.pdf,main_pdfs_corrected\physics\review\rss\1d4356f9d08860dcaec278dedd4263cc.pdf,physics,review,med,Hierarchical Bayesian inference for community detection and connectivity of functional brain networks,"mixed or weak signals; construction=materials, structural; building_context=none; contamination=none; climate=none"
cache\rss\1e6e5e855ba8ede7ce7206aefe648c26.pdf,main_pdfs_corrected\physics\review\rss\1e6e5e855ba8ede7ce7206aefe648c26.pdf,physics,review,low,"Spontaneous Emission, Free Energy, and Relaxation-Limited Processes in Setting Limits on Solar Energy Conversion Efficiency",mixed or weak signals; construction=structural; building_context=none; contamination=none; climate=none
cache\rss\1e98e632f015b8cf045b20d0ca61aab8.pdf,main_pdfs_corrected\physics\review\rss\1e98e632f015b8cf045b20d0ca61aab8.pdf,physics,review,low,Optimal spin-qubit hallmarks of sulfur-vacancy defects in 4H-SiC: Design,mixed or weak signals; construction=none; building_context=none; contamination=none; climate=none
cache\rss\21b4ec6e220523a7b3344caaccd2a26b.pdf,main_pdfs_corrected\physics\review\rss\21b4ec6e220523a7b3344caaccd2a26b.pdf,physics,review,med,Disentangling the ferroelectric phases of epitaxial hafnia,"mixed or weak signals; construction=code, materials; building_context=none; contamination=none; climate=none"
cache\rss\2688c4701e735f9345011284c1c66f0f.pdf,main_pdfs_corrected\physics\review\rss\2688c4701e735f9345011284c1c66f0f.pdf,physics,review,low,Design and Verification of a Terahertz Bandpass Filter using a Spoof Surface Plasmon Polariton Waveguide with Gapped Unit Cells,mixed or weak signals; construction=none; building_context=none; contamination=none; climate=none
cache\rss\2db6ff303f4d75fc7726f606ad673ff7.pdf,main_pdfs_corrected\physics\review\rss\2db6ff303f4d75fc7726f606ad673ff7.pdf,physics,review,low,Compact Continuous Cold Atomic Beam from a Single Cell with 3D Cooling and Ultra-low Light Shift,mixed or weak signals; construction=none; building_context=none; contamination=none; climate=none
cache\rss\33b965f8249bb36df9c931b7388a1cfd2b737bc15b558f74e92c5dbbacd4333c.pdf,main_pdfs_corrected\unknown\review\rss\33b965f8249bb36df9c931b7388a1cfd2b737bc15b558f74e92c5dbbacd4333c.pdf,unknown,review,low,31525074,mixed or weak signals; construction=none; building_context=none; contamination=none; climate=none
cache\rss\37c6db8aeb8d31251a682f10c55a223a.pdf,main_pdfs_corrected\unknown\review\rss\37c6db8aeb8d31251a682f10c55a223a.pdf,unknown,review,low,Simulating Human Cognition: Heartbeat-Driven Autonomous Thinking Activity Scheduling for LLM-based AI systems,mixed or weak signals; construction=none; building_context=none; contamination=none; climate=none
cache\rss\3b29934cac54688af1e321e38d70d67d.pdf,main_pdfs_corrected\physics\review\rss\3b29934cac54688af1e321e38d70d67d.pdf,physics,review,low,Microsoft Word - TaCo2Te2_epi_V2_final,mixed or weak signals; construction=materials; building_context=none; contamination=none; climate=none
cache\rss\3d04bbb685016f9b688b39b47e8ebac3f35a13b1ed14a3e75b40c73428dc6f58.pdf,main_pdfs_corrected\biomedical\review\rss\3d04bbb685016f9b688b39b47e8ebac3f35a13b1ed14a3e75b40c73428dc6f58.pdf,biomedical,review,low,"NAADP elicits two-pore channel currents by lifting Lsm12-mediated inhibition of PI(3,5)P2 activation",mixed or weak signals; construction=none; building_context=none; contamination=protein; climate=none
cache\rss\3e8b5c2344b0408fd99a3a92029e05ff.pdf,main_pdfs_corrected\physics\review\rss\3e8b5c2344b0408fd99a3a92029e05ff.pdf,physics,review,med,Towards Non-van der Waals 2D Topological Insulators,"mixed or weak signals; construction=materials, structural; building_context=none; contamination=none; climate=none"
cache\rss\47eee9997e0b69e0d0e99ec54e71c7de.pdf,main_pdfs_corrected\materials_science\review\rss\47eee9997e0b69e0d0e99ec54e71c7de.pdf,materials_science,review,low,Additively manufactured Shape Memory Alloy Hybrid Composites with a polymer matrix featuring a re-entrant honeycomb structure,mixed or weak signals; construction=structural; building_context=none; contamination=none; climate=none
cache\rss\48c5e4fea42a0aa6f6594738020ba38e.pdf,main_pdfs_corrected\materials_science\review\rss\48c5e4fea42a0aa6f6594738020ba38e.pdf,materials_science,review,low,Mellin-Space Prony Representability of Linear Viscoelastic Models,mixed or weak signals; construction=code; building_context=none; contamination=none; climate=none
cache\rss\4a57a0b7b1c0bc79f2834dc1f2002f3a.pdf,main_pdfs_corrected\physics\review\rss\4a57a0b7b1c0bc79f2834dc1f2002f3a.pdf,physics,review,low,Unity and Diversity of Intracellular pH Maintenance Mechanisms,mixed or weak signals; construction=none; building_context=none; contamination=none; climate=none
cache\rss\516c7689c0fc3b23dc6f0544a93e4ee3.pdf,main_pdfs_corrected\unknown\review\rss\516c7689c0fc3b23dc6f0544a93e4ee3.pdf,unknown,review,low,Synchronized disease and behavioural dynamics in weakly coupled populations,mixed or weak signals; construction=none; building_context=none; contamination=none; climate=none
cache\rss\5465b84fe5411f5f2f32f18edc816bd3.pdf,main_pdfs_corrected\physics\review\rss\5465b84fe5411f5f2f32f18edc816bd3.pdf,physics,review,low,Formalizing Poisson-Boltzmann Theory for Field-Tunable Nanofluidic Devices,mixed or weak signals; construction=none; building_context=none; contamination=none; climate=none
cache\rss\54898384a1282410a5a21b61cd7c7361.pdf,main_pdfs_corrected\unknown\review\rss\54898384a1282410a5a21b61cd7c7361.pdf,unknown,review,low,Retina gap junctions support the robust,mixed or weak signals; construction=none; building_context=none; contamination=none; climate=none
cache\rss\5581b899209cf302d1b4028ff892a22f.pdf,main_pdfs_corrected\unknown\review\rss\5581b899209cf302d1b4028ff892a22f.pdf,unknown,review,low,A Wide-Regulation-Range Hybrid Switched-Capacitor Converter for 48V Automotive Power Systems,mixed or weak signals; construction=none; building_context=none; contamination=none; climate=none
cache\rss\57b64e47922d28e0ac65a07898be4f8f.pdf,main_pdfs_corrected\physics\review\rss\57b64e47922d28e0ac65a07898be4f8f.pdf,physics,review,low,Morphological Transition: From Meanders to Mound Structures,mixed or weak signals; construction=none; building_context=none; contamination=none; climate=none
cache\rss\5986e755707ef34b6b702a742cda2eae3028ac2217dbdb9ce88102b3a60bf0ca.pdf,main_pdfs_corrected\biomedical\review\rss\5986e755707ef34b6b702a742cda2eae3028ac2217dbdb9ce88102b3a60bf0ca.pdf,biomedical,review,med,Nuclear βactin dependent chromatin accessibility governs stem cell pluripotency and extracellular matrix gene programs to maintain cellular biomechanics for cell lineage decisions,mixed or weak signals; construction=none; building_context=none; contamination=stem cell; climate=none
cache\rss\5adfc26b348c065e12ac3d58909f1bc2.pdf,main_pdfs_corrected\materials_science\review\rss\5adfc26b348c065e12ac3d58909f1bc2.pdf,materials_science,review,low,A critical assessment of bonding descriptors for predicting materials properties,mixed or weak signals; construction=materials; building_context=none; contamination=none; climate=none
cache\rss\6012e3c1ae6a8c552268e05cc7e0bd97546e18ba8f4c10a3fccddf0b6370f6a5.pdf,main_pdfs_corrected\physics\review\rss\6012e3c1ae6a8c552268e05cc7e0bd97546e18ba8f4c10a3fccddf0b6370f6a5.pdf,physics,review,low,Identification of loop regions as motifs determining cellular and organ chirality in Myosin 1C,mixed or weak signals; construction=structural; building_context=none; contamination=none; climate=none
cache\rss\60555e99a528319d125215886623ff5d.pdf,main_pdfs_corrected\physics\review\rss\60555e99a528319d125215886623ff5d.pdf,physics,review,low,Controllable highly oriented skyrmion track array in Fe GaTe,mixed or weak signals; construction=materials; building_context=none; contamination=none; climate=none
cache\rss\6198a5aa70bda0564102068ecd3fb425b63ae537d2299a64c5242fcf2d216b8b.pdf,main_pdfs_corrected\unknown\review\rss\6198a5aa70bda0564102068ecd3fb425b63ae537d2299a64c5242fcf2d216b8b.pdf,unknown,review,low,Dynamic profile of malondialdehyde in renal and hepatic ischemia reperfusion injury: an explorative study of internal historical samples,mixed or weak signals; construction=none; building_context=none; contamination=none; climate=none
cache\rss\61ed84e24258c0a5744e0fa9628d11fa.pdf,main_pdfs_corrected\materials_science\review\rss\61ed84e24258c0a5744e0fa9628d11fa.pdf,materials_science,review,low,Pattern formation during melting of lamellar eutectics,mixed or weak signals; construction=materials; building_context=none; contamination=none; climate=none
cache\rss\651d057955a5c730db38440bf8070a4c.pdf,main_pdfs_corrected\mixed\review\rss\651d057955a5c730db38440bf8070a4c.pdf,mixed,review,low,Canadian climate normals 1951-1980 - Normales climatiques au Canada 1951-1980 v.8,mixed or weak signals; construction=none; building_context=none; contamination=none; climate=climate normals
cache\rss\679e0a5f1e91ec74669b30819f779301.pdf,main_pdfs_corrected\physics\review\rss\679e0a5f1e91ec74669b30819f779301.pdf,physics,review,low,Lattice dynamics and complete polarization analysis of Raman-active modes in LaInO$_3$,mixed or weak signals; construction=none; building_context=none; contamination=none; climate=none
cache\rss\682663e8ff744514397d045a52599ce8.pdf,main_pdfs_corrected\physics\review\rss\682663e8ff744514397d045a52599ce8.pdf,physics,review,low,Layer-dependent quantum transport in KV2Se2O-based altermagnetic tunnel junctions,mixed or weak signals; construction=none; building_context=none; contamination=none; climate=none
cache\rss\6a871ff39f5685deccd292ac22036e24c26690d1b027df202840126acb04fd56.pdf,main_pdfs_corrected\materials_science\review\rss\6a871ff39f5685deccd292ac22036e24c26690d1b027df202840126acb04fd56.pdf,materials_science,review,low,"Comprehensive BioImaging Study of the Red Permanent Marker Ink:  Re-purposing for Cells Imaging Including Cytoplasmic Membrane Visualization and Comparison with Rhodamine 6G, Deep Red Cell Mask, and DiBAC",mixed or weak signals; construction=none; building_context=none; contamination=none; climate=none
cache\rss\6bd34f607368b8be9c352d48de85ce3f.pdf,main_pdfs_corrected\materials_science\review\rss\6bd34f607368b8be9c352d48de85ce3f.pdf,materials_science,review,med,Dislocation-ledge coupling governs semicoherent,"mixed or weak signals; construction=materials, structural; building_context=none; contamination=none; climate=none"
cache\rss\6bf3f9d3528bfcd50f830a71ed317266.pdf,main_pdfs_corrected\construction_science\review\rss\6bf3f9d3528bfcd50f830a71ed317266.pdf,construction_science,review,low,Acoustic Analogy of Quantum Baldin Sum Rule for Optimal Causal Scattering,mixed or weak signals; construction=none; building_context=wall; contamination=none; climate=none
cache\rss\707b52cf1b4bb2a87b6a195142739f464c8387c1d074cb1b74a4dd09fa68df80.pdf,main_pdfs_corrected\unknown\review\rss\707b52cf1b4bb2a87b6a195142739f464c8387c1d074cb1b74a4dd09fa68df80.pdf,unknown,review,low,Arachidonic acid availability controls neutrophil swarm initiation and scaling,mixed or weak signals; construction=none; building_context=none; contamination=none; climate=none
cache\rss\737761c14f72147728ac9897f7270e6e.pdf,main_pdfs_corrected\physics\review\rss\737761c14f72147728ac9897f7270e6e.pdf,physics,review,low,Prediction of room-temperature two-dimensional $\pi$-electron half-metallic ferrimagnets,mixed or weak signals; construction=materials; building_context=none; contamination=none; climate=none
cache\rss\7381af26d2143df3b0a9a0be3021e00b2465b1e582ae3b26cf5db1d65fdc6092.pdf,main_pdfs_corrected\unknown\review\rss\7381af26d2143df3b0a9a0be3021e00b2465b1e582ae3b26cf5db1d65fdc6092.pdf,unknown,review,low,Dynamic dissociation of the IFT complex drives ciliary dysfunction during C. elegans ageing,mixed or weak signals; construction=none; building_context=none; contamination=none; climate=none
cache\rss\74c18c8abd727fc0fc343b2851a5be4d45b47b8358793999a2939319a2a0485e.pdf,main_pdfs_corrected\unknown\review\rss\74c18c8abd727fc0fc343b2851a5be4d45b47b8358793999a2939319a2a0485e.pdf,unknown,review,low,Developmental regulation of kinetochore phosphorylation determines mitotic fidelity,mixed or weak signals; construction=none; building_context=none; contamination=none; climate=none
cache\rss\78eebb779c4d3a323e34b35f62b4038e.pdf,main_pdfs_corrected\unknown\review\rss\78eebb779c4d3a323e34b35f62b4038e.pdf,unknown,review,low,Bounds on the sequence length sufficient to reconstruct binary level-$1$ phylogenetic networks under the CFN model,mixed or weak signals; construction=none; building_context=none; contamination=none; climate=none
cache\rss\82786849a63aacf9054a5a9564a484d0.pdf,main_pdfs_corrected\physics\review\rss\82786849a63aacf9054a5a9564a484d0.pdf,physics,review,med,Electrochemical Performance of Gold Monolayers for Lithium-Ion Batteries: A First-,"mixed or weak signals; construction=materials, structural; building_context=none; contamination=none; climate=none"
cache\rss\87352570ecc5daad8a555c491c9421ff83d8c9f5a77e81a8388769d2522b8aeb.pdf,main_pdfs_corrected\unknown\review\rss\87352570ecc5daad8a555c491c9421ff83d8c9f5a77e81a8388769d2522b8aeb.pdf,unknown,review,low,Determinants of CCT motif specificity in WNK signaling and expansion of CCT like domains,mixed or weak signals; construction=none; building_context=none; contamination=none; climate=none
cache\rss\8a294980b8d503e5c8722f401b67d95f.pdf,main_pdfs_corrected\physics\review\rss\8a294980b8d503e5c8722f401b67d95f.pdf,physics,review,low,High sub-bandgap response and fast switching enabled by thermal,mixed or weak signals; construction=materials; building_context=none; contamination=none; climate=none
cache\rss\8e3997397511d4e3ece990a19af62086444a88ca4d09dcd6b36cf1c5f9f6a8ee.pdf,main_pdfs_corrected\physics\review\rss\8e3997397511d4e3ece990a19af62086444a88ca4d09dcd6b36cf1c5f9f6a8ee.pdf,physics,review,low,Lipids Regulate Export of Lysosomal Enzymes from the Endoplasmic Reticulum,mixed or weak signals; construction=none; building_context=none; contamination=none; climate=none
cache\rss\8fe00707c368ab30ba0a86dc53d87881c8724028bcb80ecd0be3ed109cfa6e33.pdf,main_pdfs_corrected\materials_science\review\rss\8fe00707c368ab30ba0a86dc53d87881c8724028bcb80ecd0be3ed109cfa6e33.pdf,materials_science,review,low,"A neuropsychiatric disease-associated mutation in LRRC8B disrupts cellular calcium signaling, mitochondrial function, and bioenergetics",mixed or weak signals; construction=none; building_context=none; contamination=none; climate=none
cache\rss\9054d668b171500bd0c850a799c44ecef78a0935ec3398186e5a93d1ceb1ef01.pdf,main_pdfs_corrected\unknown\review\rss\9054d668b171500bd0c850a799c44ecef78a0935ec3398186e5a93d1ceb1ef01.pdf,unknown,review,low,Intermediate induction of germline apoptosis maintains fertility and progeny fitness during temperature stress,mixed or weak signals; construction=none; building_context=none; contamination=none; climate=none
cache\rss\90fa3111f22b6ad0609680b426f07b17.pdf,main_pdfs_corrected\physics\review\rss\90fa3111f22b6ad0609680b426f07b17.pdf,physics,review,low,Obstructed Cooper pairs in flat band systems - weakly-coherent superfluids and exact spin liquids,mixed or weak signals; construction=none; building_context=none; contamination=none; climate=none
cache\rss\92bf24c5b4019a29b716194f6857db8e.pdf,main_pdfs_corrected\unknown\review\rss\92bf24c5b4019a29b716194f6857db8e.pdf,unknown,review,low,QualiaNet: An Experience-Before-Inference Network,mixed or weak signals; construction=structural; building_context=none; contamination=none; climate=none
cache\rss\9600938981aa946224715e950717cdbcb99af433bffa589627ec38d427148246.pdf,main_pdfs_corrected\materials_science\review\rss\9600938981aa946224715e950717cdbcb99af433bffa589627ec38d427148246.pdf,materials_science,review,low,Saturated cardiolipins are potent disruptors of inner mitochondrial membrane structure and function,mixed or weak signals; construction=structural; building_context=none; contamination=none; climate=none
cache\rss\9777f4ee66531259e65be405dc53db1a.pdf,main_pdfs_corrected\unknown\review\rss\9777f4ee66531259e65be405dc53db1a.pdf,unknown,review,low,Inferring the dynamics of underdamped stochastic systems,mixed or weak signals; construction=none; building_context=none; contamination=none; climate=none
cache\rss\995581721f7cef643822373569859fc4.pdf,main_pdfs_corrected\unknown\review\rss\995581721f7cef643822373569859fc4.pdf,unknown,review,low,Robust Evaluation of Neural Encoding Models,mixed or weak signals; construction=none; building_context=none; contamination=none; climate=none
cache\rss\99fb01f4403fd764800d73e8d8a71468.pdf,main_pdfs_corrected\physics\review\rss\99fb01f4403fd764800d73e8d8a71468.pdf,physics,review,low,Continual Learning for fMRI-Based Brain Disorder Diagnosis via Functional Connectivity Matrices Generative Replay,mixed or weak signals; construction=none; building_context=none; contamination=none; climate=none
cache\rss\9c900132e5178b13dbc30cdd913b6813.pdf,main_pdfs_corrected\unknown\review\rss\9c900132e5178b13dbc30cdd913b6813.pdf,unknown,review,low,Mamba-SSM with LLM Reasoning for Biomarker Discovery: Causal Feature Refinement via Chain-of-Thought Gene Evaluation,mixed or weak signals; construction=code; building_context=none; contamination=none; climate=none
cache\rss\9d4253e03cd3e5037aae276003c554a57b6d38edc16bde989426da0766c910a0.pdf,main_pdfs_corrected\biomedical\review\rss\9d4253e03cd3e5037aae276003c554a57b6d38edc16bde989426da0766c910a0.pdf,biomedical,review,low,Adaptation of white adipocytes to cooler temperatures: impacts on energy metabolism and protein acetylation,mixed or weak signals; construction=none; building_context=none; contamination=protein; climate=none
cache\rss\a236d3dc7e68a998d25cc6047ae5a939.pdf,main_pdfs_corrected\unknown\review\rss\a236d3dc7e68a998d25cc6047ae5a939.pdf,unknown,review,low,a236d3dc7e68a998d25cc6047ae5a939,failed to scan PDF (PdfminerException) — see logs
cache\rss\a44dd10b5c080f4a589bacc46fcde769.pdf,main_pdfs_corrected\physics\review\rss\a44dd10b5c080f4a589bacc46fcde769.pdf,physics,review,low,Fully Atomic-Layer-Deposited Vertical Complementary FeRAM with,mixed or weak signals; construction=materials; building_context=none; contamination=none; climate=none
cache\rss\a826780f36e3bf0d75e8312ffcffafd2.pdf,main_pdfs_corrected\unknown\review\rss\a826780f36e3bf0d75e8312ffcffafd2.pdf,unknown,review,low,Combining Bayesian and Frequentist Inference for Laboratory-Specific Performance Guarantees in Copy Number Variation Detection,mixed or weak signals; construction=none; building_context=none; contamination=none; climate=none
cache\rss\a969862b646ac57cadf0701326bec709.pdf,main_pdfs_corrected\biomedical\review\rss\a969862b646ac57cadf0701326bec709.pdf,biomedical,review,med,Direct Laser Micromachining of,mixed or weak signals; construction=none; building_context=none; contamination=biological sample; climate=none
cache\rss\aac3aec00f8da1de7266658589af34b9.pdf,main_pdfs_corrected\physics\review\rss\aac3aec00f8da1de7266658589af34b9.pdf,physics,review,low,Separating Intrinsic and Domain-Mediated Anomalous Hall Conductivity in Co$_3$Sn$_2$S$_2$ via Contact Engineering,mixed or weak signals; construction=none; building_context=none; contamination=none; climate=none
cache\rss\ac8b097da7f665d8572f70aaef862a3c.pdf,main_pdfs_corrected\physics\review\rss\ac8b097da7f665d8572f70aaef862a3c.pdf,physics,review,low,Magnet-Free Nonreciprocal frequency conversion using Sequential Temporal modulation: Theory and Simulations,mixed or weak signals; construction=materials; building_context=none; contamination=none; climate=none
cache\rss\ad1e8631b8e7330c060cbe696de79fe0.pdf,main_pdfs_corrected\physics\review\rss\ad1e8631b8e7330c060cbe696de79fe0.pdf,physics,review,low,Thermal conductivity tuning of scalable nanopatterned silicon membranes measured with a three-probe method,mixed or weak signals; construction=none; building_context=none; contamination=none; climate=none
cache\rss\b34007addcb027a15490bee71a3620ad.pdf,main_pdfs_corrected\physics\review\rss\b34007addcb027a15490bee71a3620ad.pdf,physics,review,low,Reversable phase transitions in ferroic two-dimensional Nb2O2I4 through optically excited coherent phonons,mixed or weak signals; construction=materials; building_context=none; contamination=none; climate=none
cache\rss\b3ff4902a6a4f5e5a9ed42713701fa8d32feb4e106b6a1319c5b01b76fd86e4a.pdf,main_pdfs_corrected\unknown\review\rss\b3ff4902a6a4f5e5a9ed42713701fa8d32feb4e106b6a1319c5b01b76fd86e4a.pdf,unknown,review,low,83069637,mixed or weak signals; construction=none; building_context=none; contamination=none; climate=none
cache\rss\b44324db33bc1f6fcd78f9f7f451ef75.pdf,main_pdfs_corrected\physics\review\rss\b44324db33bc1f6fcd78f9f7f451ef75.pdf,physics,review,low,Correlative Microstructural Analysis of a Weathered Nantan Meteorite Fragment,mixed or weak signals; construction=none; building_context=none; contamination=none; climate=none
cache\rss\b7b5a50c645e645e06496b3396b23ad4b9cfc3929475825723055a396d2dc78b.pdf,main_pdfs_corrected\unknown\review\rss\b7b5a50c645e645e06496b3396b23ad4b9cfc3929475825723055a396d2dc78b.pdf,unknown,review,low,86350164,mixed or weak signals; construction=none; building_context=none; contamination=none; climate=none
cache\rss\ba1b6283130968d97ab9a235208f0ef9.pdf,main_pdfs_corrected\physics\review\rss\ba1b6283130968d97ab9a235208f0ef9.pdf,physics,review,low,Toroidal Plasmonic Nanodimers for Enhanced Near-Infrared Emission in,mixed or weak signals; construction=materials; building_context=none; contamination=none; climate=none
cache\rss\bb22c14aa18fa56c2b39830590922d2b.pdf,main_pdfs_corrected\physics\review\rss\bb22c14aa18fa56c2b39830590922d2b.pdf,physics,review,low,First-Principles Electronegativity Scale from the Atomic Mean Inner Potential,mixed or weak signals; construction=none; building_context=none; contamination=none; climate=none
cache\rss\be9103671821e9376335bafa0b073cb2.pdf,main_pdfs_corrected\physics\review\rss\be9103671821e9376335bafa0b073cb2.pdf,physics,review,med,"First-principles study of infrared, Raman, piezoelectric and elastic properties of Mg-IV-N\textsubscript{2} (IV = Ge, Si, Sn)","mixed or weak signals; construction=materials, structural; building_context=none; contamination=none; climate=none"
cache\rss\c24bbef899553817801baad9781fc2e722f9a4ae6f6a1e33de23ea3e9a44d312.pdf,main_pdfs_corrected\unknown\review\rss\c24bbef899553817801baad9781fc2e722f9a4ae6f6a1e33de23ea3e9a44d312.pdf,unknown,review,low,7614346,mixed or weak signals; construction=none; building_context=none; contamination=none; climate=none
cache\rss\c4b4891640f684ae4524e283b0e8f9f5.pdf,main_pdfs_corrected\physics\review\rss\c4b4891640f684ae4524e283b0e8f9f5.pdf,physics,review,med,Physics-informed tritium fuel cycle modelling workflow for fusion reactors,"mixed or weak signals; construction=code, materials; building_context=none; contamination=none; climate=none"
cache\rss\c53cfac3aecdca4c35e7bad860522aa3.pdf,main_pdfs_corrected\unknown\review\rss\c53cfac3aecdca4c35e7bad860522aa3.pdf,unknown,review,low,A deep learning framework for glomeruli segmentation with boundary attention,mixed or weak signals; construction=none; building_context=none; contamination=none; climate=none
cache\rss\c70a65af9674d205df6162d8d1d3951cc2cf4126cd5148dc50716097c73bea31.pdf,main_pdfs_corrected\physics\review\rss\c70a65af9674d205df6162d8d1d3951cc2cf4126cd5148dc50716097c73bea31.pdf,physics,review,low,Light-sheet excitation-encoded volumetric spectroscopy for fast multiplexed imaging and quantitative physicochemical mapping in cells,mixed or weak signals; construction=structural; building_context=none; contamination=none; climate=none
cache\rss\c76279354c885d469376e6abc722c348.pdf,main_pdfs_corrected\physics\review\rss\c76279354c885d469376e6abc722c348.pdf,physics,review,med,Microsoft Word - manuscript_ jp-2026-00334q_revised.docx,"mixed or weak signals; construction=code, materials, structural; building_context=none; contamination=none; climate=none"
cache\rss\c78bff2377fa6796b67468183ab0557568c64579ab0627173f08274703c9e6af.pdf,main_pdfs_corrected\unknown\review\rss\c78bff2377fa6796b67468183ab0557568c64579ab0627173f08274703c9e6af.pdf,unknown,review,low,A Biphasic Effect of Alcohol on Endothelial Plasticity Through Regulation of Endothelial-to-Mesenchymal Transition,mixed or weak signals; construction=none; building_context=none; contamination=none; climate=none
cache\rss\c8d2ab084cdcfdfd74fa0084544b53ca.pdf,main_pdfs_corrected\unknown\review\rss\c8d2ab084cdcfdfd74fa0084544b53ca.pdf,unknown,review,low,Bridging scalp and intracranial EEG in BCI via pretrained neural representations and geometric constraint embedding,mixed or weak signals; construction=none; building_context=none; contamination=none; climate=none
cache\rss\c95c6721ec85403069b7836f58be42db807745add4e628822cf03a113864bd23.pdf,main_pdfs_corrected\physics\review\rss\c95c6721ec85403069b7836f58be42db807745add4e628822cf03a113864bd23.pdf,physics,review,low,Intraflagellar transport of tubulin maintains steady-state axoneme integrity in C. elegans cilia,mixed or weak signals; construction=structural; building_context=none; contamination=none; climate=none
cache\rss\ce7b8d86305c01a815ed2e388580c700.pdf,main_pdfs_corrected\physics\review\rss\ce7b8d86305c01a815ed2e388580c700.pdf,physics,review,low,Configuration-dependent electronic and optical properties of 2D Mo$_{1-x}$W$_x$S$_2$ alloys across the full composition range,mixed or weak signals; construction=structural; building_context=none; contamination=none; climate=none
cache\rss\d0733a465387278f09882fc2923a83c4.pdf,main_pdfs_corrected\physics\review\rss\d0733a465387278f09882fc2923a83c4.pdf,physics,review,low,Inverse design of exceptional points in a single-resonance two-port network,mixed or weak signals; construction=none; building_context=none; contamination=none; climate=none
cache\rss\d0c92412776afd6534270d7c795464c70a74dbbacbc9b1d7af5124270baf43f8.pdf,main_pdfs_corrected\unknown\review\rss\d0c92412776afd6534270d7c795464c70a74dbbacbc9b1d7af5124270baf43f8.pdf,unknown,review,low,50345219,mixed or weak signals; construction=none; building_context=none; contamination=none; climate=none
cache\rss\d1f9e3b818525bded27a9a17ff240241d81bfca3025caf5813bf06223802de7f.pdf,main_pdfs_corrected\biomedical\review\rss\d1f9e3b818525bded27a9a17ff240241d81bfca3025caf5813bf06223802de7f.pdf,biomedical,review,med,Quantitative Framework for Assessing Mesenchymal Stem Cell Quality Driven by Poised Enhancer Decommissioning,mixed or weak signals; construction=none; building_context=none; contamination=stem cell; climate=none
cache\rss\d302404900c1fe17ede747bf27ffa1ad.pdf,main_pdfs_corrected\physics\review\rss\d302404900c1fe17ede747bf27ffa1ad.pdf,physics,review,low,Quantum Landscape of Superconducting Diodes,mixed or weak signals; construction=materials; building_context=none; contamination=none; climate=none
cache\rss\d31028b15447592f8300e7e94bf08290.pdf,main_pdfs_corrected\physics\review\rss\d31028b15447592f8300e7e94bf08290.pdf,physics,review,med,Environment-dependent tight-binding models from ab initio pseudo-atomic orbital Hamiltonians,"mixed or weak signals; construction=code, structural; building_context=none; contamination=none; climate=none"
cache\rss\d358b4d8dc40d7a19922e992f4b7fcda.pdf,main_pdfs_corrected\physics\review\rss\d358b4d8dc40d7a19922e992f4b7fcda.pdf,physics,review,low,Anomalous Platinum and Oxygen Transport during Electroforming of NbO Memristors,mixed or weak signals; construction=materials; building_context=none; contamination=none; climate=none
cache\rss\d3a4586aa22f35a0cb54661ab5a80faa.pdf,main_pdfs_corrected\unknown\review\rss\d3a4586aa22f35a0cb54661ab5a80faa.pdf,unknown,review,low,Goxpyriment: A Go Framework for Behavioral and Cognitive Experiments,mixed or weak signals; construction=none; building_context=none; contamination=none; climate=none
cache\rss\d558418180cd10045eab4512f65efc4f1dff78fb863d5131b3b14c1c684b91ba.pdf,main_pdfs_corrected\mixed\review\rss\d558418180cd10045eab4512f65efc4f1dff78fb863d5131b3b14c1c684b91ba.pdf,mixed,review,low,Canadian climate normals 1951-1980 - Normales climatiques au Canada 1951-1980 v.8,mixed or weak signals; construction=none; building_context=none; contamination=none; climate=climate normals
cache\rss\d72f198adc9a2aa9570731d3cf420c5ed9d580d034986ba17a9f304b227ca5f3.pdf,main_pdfs_corrected\unknown\review\rss\d72f198adc9a2aa9570731d3cf420c5ed9d580d034986ba17a9f304b227ca5f3.pdf,unknown,review,low,Togaram Ensures Axial Alignment of the Sperm Neck,mixed or weak signals; construction=none; building_context=none; contamination=none; climate=none
cache\rss\daa27ec361f5f12da5e021bc691143b30ceca727caa4c6012ab12632dc4ae5f6.pdf,main_pdfs_corrected\physics\review\rss\daa27ec361f5f12da5e021bc691143b30ceca727caa4c6012ab12632dc4ae5f6.pdf,physics,review,low,Derivation and characterization of an embryonic-derived muscle progenitor cell line from Atlantic salmon (Salmo salar),mixed or weak signals; construction=none; building_context=none; contamination=none; climate=none
cache\rss\dbbfe43f940f8291e160b80aa221924a.pdf,main_pdfs_corrected\unknown\review\rss\dbbfe43f940f8291e160b80aa221924a.pdf,unknown,review,low,Cell-cell adhesion cannot sustain extended follower streams in a minimal non-local model of leader-follower migration,mixed or weak signals; construction=code; building_context=none; contamination=none; climate=none
cache\rss\df3719b603c42590735c52e1a48f00b7.pdf,main_pdfs_corrected\physics\review\rss\df3719b603c42590735c52e1a48f00b7.pdf,physics,review,low,Iron spin crossover in ferropericlase and its effect on lower-mantle,mixed or weak signals; construction=materials; building_context=none; contamination=none; climate=none
cache\rss\e02d16c3dab5447f54da605d4eb1302ef2474ec88179c89e127773fd28af8799.pdf,main_pdfs_corrected\physics\review\rss\e02d16c3dab5447f54da605d4eb1302ef2474ec88179c89e127773fd28af8799.pdf,physics,review,low,NPP-21/TPR is required for developmental control of spindle checkpoint strength in C. elegans,mixed or weak signals; construction=none; building_context=none; contamination=none; climate=none
cache\rss\e362ed8e2f10fb8441622fe5b28f3214.pdf,main_pdfs_corrected\materials_science\review\rss\e362ed8e2f10fb8441622fe5b28f3214.pdf,materials_science,review,low,Generative design of inorganic materials,mixed or weak signals; construction=materials; building_context=none; contamination=none; climate=none
cache\rss\e591de8da0b5b75b5950cb18b2cb2bba.pdf,main_pdfs_corrected\unknown\review\rss\e591de8da0b5b75b5950cb18b2cb2bba.pdf,unknown,review,low,Absolute Concentration Robustness of Non-Redundant Zero-One Networks with Conservation Laws,mixed or weak signals; construction=none; building_context=none; contamination=none; climate=none
cache\rss\e7f21b73689b57dfea8b9a07489e8dc1.pdf,main_pdfs_corrected\physics\review\rss\e7f21b73689b57dfea8b9a07489e8dc1.pdf,physics,review,low,Ultra-high-vacuum cluster tool for epitaxial synthesis and optical spectroscopy of reactive 2D materials,mixed or weak signals; construction=materials; building_context=none; contamination=none; climate=none
cache\rss\ec808a0f87695ed6fcb36f8559329dd2.pdf,main_pdfs_corrected\unknown\review\rss\ec808a0f87695ed6fcb36f8559329dd2.pdf,unknown,review,low,Pareto-Optimal Offline Reinforcement Learning via Smooth Tchebysheff Scalarization,mixed or weak signals; construction=none; building_context=none; contamination=none; climate=none
cache\rss\eecaa24c57cb492f8db9a226d2bad6ee.pdf,main_pdfs_corrected\materials_science\review\rss\eecaa24c57cb492f8db9a226d2bad6ee.pdf,materials_science,review,med,Material-Agnostic Zero-Shot Thermal Inference for Metal Additive Manufacturing via a Parametric PINN Framework,"mixed or weak signals; construction=materials, structural; building_context=none; contamination=none; climate=none"
cache\rss\f2e859eb8e775f575384cf8f78557743.pdf,main_pdfs_corrected\physics\review\rss\f2e859eb8e775f575384cf8f78557743.pdf,physics,review,low,Sensitivity Improvement by Sample Vibration Excitation in Resistivity Measurement for Non-Magnetic Material Using MFM,mixed or weak signals; construction=materials; building_context=none; contamination=none; climate=none
cache\rss\f3ef9e52833931b536670d3d7d70ff5c.pdf,main_pdfs_corrected\unknown\review\rss\f3ef9e52833931b536670d3d7d70ff5c.pdf,unknown,review,low,Transcriptomic Models for Immunotherapy Response Prediction,mixed or weak signals; construction=none; building_context=none; contamination=none; climate=none
cache\rss\f8a9a3a4c38d82e17e7553ba5fceb2a9.pdf,main_pdfs_corrected\physics\review\rss\f8a9a3a4c38d82e17e7553ba5fceb2a9.pdf,physics,review,low,"Xilai Bao1,2†, Oleksandr V. Pylypovskyi3,4†, Huali Yang1*, Yali Xie1*, Damien Faurie5, Fatih",mixed or weak signals; construction=materials; building_context=none; contamination=none; climate=none
cache\rss\f8d8dea2aaad493671e2bf6125d183db.pdf,main_pdfs_corrected\physics\review\rss\f8d8dea2aaad493671e2bf6125d183db.pdf,physics,review,low,Spin-Valley-Mismatched Altermagnet for Giant Tunneling Magnetoresistance,mixed or weak signals; construction=materials; building_context=none; contamination=none; climate=none
cache\rss\fbce27a07f3b858fe1b004fe4e2a9b6e.pdf,main_pdfs_corrected\physics\review\rss\fbce27a07f3b858fe1b004fe4e2a9b6e.pdf,physics,review,low,Nonmagnetic-magnetic Transitions in Rutile RuO2,mixed or weak signals; construction=structural; building_context=none; contamination=none; climate=none
cache\rss\fd8842acb0e810901d035f067b951c99.pdf,main_pdfs_corrected\physics\review\rss\fd8842acb0e810901d035f067b951c99.pdf,physics,review,low,Ultra-high THz-field-confinement at LaAlO twin walls,mixed or weak signals; construction=materials; building_context=none; contamination=none; climate=none
cache\rss\fdfb247434019cdcefead11c2f984311.pdf,main_pdfs_corrected\biomedical\review\rss\fdfb247434019cdcefead11c2f984311.pdf,biomedical,review,low,Polyformer: a generative framework for thermodynamic modeling of polymeric molecules,mixed or weak signals; construction=none; building_context=none; contamination=protein; climate=none
input\pdfs\biohacking_longevity\longevity_v1\A-Replicase-Clamp-Binding-Dynamin-like-Protein-Promotes-Colocaliz_2013_Cell-.pdf,main_pdfs_corrected\biomedical\review\pdfs\biohacking_longevity\longevity_v1\A-Replicase-Clamp-Binding-Dynamin-like-Protein-Promotes-Colocaliz_2013_Cell-.pdf,biomedical,review,low,A Replicase Clamp-Binding Dynamin-like Protein Promotes Colocalization of Nascent DNA Strands and Equipartitioning of Chromosomes in E.&nbsp;coli,mixed or weak signals; construction=none; building_context=none; contamination=protein; climate=none
input\pdfs\biohacking_longevity\longevity_v1\Autophagy-and-metabolic-aging--Current-_2024_Biochimica-et-Biophysica-Acta--.pdf,main_pdfs_corrected\unknown\review\pdfs\biohacking_longevity\longevity_v1\Autophagy-and-metabolic-aging--Current-_2024_Biochimica-et-Biophysica-Acta--.pdf,unknown,review,low,Autophagy and metabolic aging: Current understanding and future applications,mixed or weak signals; construction=none; building_context=none; contamination=none; climate=none
input\pdfs\biohacking_longevity\longevity_v1\Corrigendum-to--MageC2-protein-is-upregulated-by-oncogen_2024_Biochimica-et-.pdf,main_pdfs_corrected\biomedical\review\pdfs\biohacking_longevity\longevity_v1\Corrigendum-to--MageC2-protein-is-upregulated-by-oncogen_2024_Biochimica-et-.pdf,biomedical,review,low,"Corrigendum to “MageC2 protein is upregulated by oncogenic activation of MAPK pathway and causes impairment of the p53 transactivation function” [Biochim. Biophys. Acta, Mol. Cell Res. vol. 1868 (Issue 3) (March 2021) 118918]",mixed or weak signals; construction=none; building_context=none; contamination=protein; climate=none
input\pdfs\biohacking_longevity\longevity_v1\Differential-Translation-Tunes-Uneven-Production-of-Operon-En_2013_Cell-Repo.pdf,main_pdfs_corrected\biomedical\review\pdfs\biohacking_longevity\longevity_v1\Differential-Translation-Tunes-Uneven-Production-of-Operon-En_2013_Cell-Repo.pdf,biomedical,review,low,Differential Translation Tunes Uneven Production of Operon-Encoded Proteins,mixed or weak signals; construction=none; building_context=none; contamination=protein; climate=none
input\pdfs\biohacking_longevity\longevity_v1\Divergent-Contributions-of-Conserved-Active-Site-Residues-to-Tra_2013_Cell-R.pdf,main_pdfs_corrected\materials_science\review\pdfs\biohacking_longevity\longevity_v1\Divergent-Contributions-of-Conserved-Active-Site-Residues-to-Tra_2013_Cell-R.pdf,materials_science,review,low,Divergent Contributions of Conserved Active Site Residues to Transcription by Eukaryotic RNA Polymerases I and II,mixed or weak signals; construction=structural; building_context=none; contamination=protein; climate=none
input\pdfs\biohacking_longevity\longevity_v1\DREADDs-in-Drosophila--A-Pharmacogenetic-Approach-for-Controllin_2013_Cell-R.pdf,main_pdfs_corrected\unknown\review\pdfs\biohacking_longevity\longevity_v1\DREADDs-in-Drosophila--A-Pharmacogenetic-Approach-for-Controllin_2013_Cell-R.pdf,unknown,review,low,"DREADDs in Drosophila: A Pharmacogenetic Approach for Controlling Behavior, Neuronal Signaling, and Physiology in the Fly",mixed or weak signals; construction=none; building_context=none; contamination=none; climate=none
input\pdfs\biohacking_longevity\longevity_v1\Editorial-Boar_2024_Biochimica-et-Biophysica-Acta--BBA----Molecular-Cell-Res.pdf,main_pdfs_corrected\unknown\review\pdfs\biohacking_longevity\longevity_v1\Editorial-Boar_2024_Biochimica-et-Biophysica-Acta--BBA----Molecular-Cell-Res.pdf,unknown,review,low,Biochimica et Biophysica Acta Founded in 1947 by H.G.K. Westenbrink,mixed or weak signals; construction=none; building_context=none; contamination=none; climate=none
input\pdfs\biohacking_longevity\longevity_v1\Endothelial-Jagged-1-Is-Necessary-for-Homeostatic-and-Regener_2013_Cell-Repo.pdf,main_pdfs_corrected\unknown\review\pdfs\biohacking_longevity\longevity_v1\Endothelial-Jagged-1-Is-Necessary-for-Homeostatic-and-Regener_2013_Cell-Repo.pdf,unknown,review,low,Endothelial Jagged-1 Is Necessary for Homeostatic and Regenerative Hematopoiesis,mixed or weak signals; construction=none; building_context=none; contamination=none; climate=none
input\pdfs\biohacking_longevity\longevity_v1\Extensive-Cooperation-of-Immune-Master-Regulators-IRF3-and-NF-B-i_2013_Cell-.pdf,main_pdfs_corrected\materials_science\review\pdfs\biohacking_longevity\longevity_v1\Extensive-Cooperation-of-Immune-Master-Regulators-IRF3-and-NF-B-i_2013_Cell-.pdf,materials_science,review,low,Extensive Cooperation of Immune Master Regulators IRF3 and NFκB in RNA Pol II Recruitment and Pause Release in Human Innate Antiviral Transcription,mixed or weak signals; construction=none; building_context=none; contamination=none; climate=none
input\pdfs\biohacking_longevity\longevity_v1\Fe-S-cluster-homeostasis-and-beyond--_2024_Biochimica-et-Biophysica-Acta--BB.pdf,main_pdfs_corrected\unknown\review\pdfs\biohacking_longevity\longevity_v1\Fe-S-cluster-homeostasis-and-beyond--_2024_Biochimica-et-Biophysica-Acta--BB.pdf,unknown,review,low,Fe-S cluster homeostasis and beyond: The multifaceted roles of IscR,mixed or weak signals; construction=none; building_context=none; contamination=none; climate=none
input\pdfs\biohacking_longevity\longevity_v1\Golgi-Protein-ACBD3-Mediates-Neurotoxicity-Associated-with-Hu_2013_Cell-Repo.pdf,main_pdfs_corrected\biomedical\review\pdfs\biohacking_longevity\longevity_v1\Golgi-Protein-ACBD3-Mediates-Neurotoxicity-Associated-with-Hu_2013_Cell-Repo.pdf,biomedical,review,low,Golgi Protein ACBD3 Mediates Neurotoxicity Associated with Huntington's Disease,mixed or weak signals; construction=none; building_context=none; contamination=protein; climate=none
input\pdfs\biohacking_longevity\longevity_v1\Human-Stem-Cell-Derived-Spinal-Cord-Astrocytes-with-Defined-Ma_2013_Cell-Rep.pdf,main_pdfs_corrected\biomedical\review\pdfs\biohacking_longevity\longevity_v1\Human-Stem-Cell-Derived-Spinal-Cord-Astrocytes-with-Defined-Ma_2013_Cell-Rep.pdf,biomedical,review,med,Human Stem Cell-Derived Spinal Cord Astrocytes with Defined Mature or Reactive Phenotypes,mixed or weak signals; construction=none; building_context=none; contamination=stem cell; climate=none
input\pdfs\biohacking_longevity\longevity_v1\Increased-Mammalian-Lifespan-and-a-Segmental-and-Tissue-Specific_2013_Cell-R.pdf,main_pdfs_corrected\biomedical\review\pdfs\biohacking_longevity\longevity_v1\Increased-Mammalian-Lifespan-and-a-Segmental-and-Tissue-Specific_2013_Cell-R.pdf,biomedical,review,med,Increased Mammalian Lifespan and a Segmental and Tissue-Specific Slowing of Aging after Genetic Reduction of mTOR Expression,mixed or weak signals; construction=none; building_context=none; contamination=biological sample; climate=none
input\pdfs\biohacking_longevity\longevity_v1\Insulin-Biosynthetic-Interaction-Network-Component--TMEM24--Fac_2013_Cell-Re.pdf,main_pdfs_corrected\physics\review\pdfs\biohacking_longevity\longevity_v1\Insulin-Biosynthetic-Interaction-Network-Component--TMEM24--Fac_2013_Cell-Re.pdf,physics,review,low,"Insulin Biosynthetic Interaction Network Component, TMEM24, Facilitates Insulin Reserve Pool Release",mixed or weak signals; construction=none; building_context=none; contamination=none; climate=none
input\pdfs\biohacking_longevity\longevity_v1\Localization-Dependent-and--Independent-Roles-of-SLX4-in-Regu_2013_Cell-Repo.pdf,main_pdfs_corrected\unknown\review\pdfs\biohacking_longevity\longevity_v1\Localization-Dependent-and--Independent-Roles-of-SLX4-in-Regu_2013_Cell-Repo.pdf,unknown,review,low,Localization-Dependent and -Independent Roles of SLX4 in Regulating Telomeres,mixed or weak signals; construction=structural; building_context=none; contamination=protein; climate=none
input\pdfs\biohacking_longevity\longevity_v1\Mitophagy-at-the-crossroads-of-cancer-developmen_2024_Biochimica-et-Biophysi.pdf,main_pdfs_corrected\unknown\review\pdfs\biohacking_longevity\longevity_v1\Mitophagy-at-the-crossroads-of-cancer-developmen_2024_Biochimica-et-Biophysi.pdf,unknown,review,low,Mitophagy at the crossroads of cancer development: Exploring the role of mitophagy in tumor progression and therapy resistance,mixed or weak signals; construction=none; building_context=none; contamination=none; climate=none
input\pdfs\biohacking_longevity\longevity_v1\Multiple-Regulatory-Layers-of-SREBP1-2-by-SIRT6_2013_Cell-Reports.pdf,main_pdfs_corrected\biomedical\review\pdfs\biohacking_longevity\longevity_v1\Multiple-Regulatory-Layers-of-SREBP1-2-by-SIRT6_2013_Cell-Reports.pdf,biomedical,review,low,Multiple Regulatory Layers of SREBP1/2 by SIRT6,mixed or weak signals; construction=none; building_context=none; contamination=protein; climate=none
input\pdfs\biohacking_longevity\longevity_v1\NLRP3-Inflammasome-Blockade-Inhibits-VEGF-A-Induced-Age-Relate_2013_Cell-Rep.pdf,main_pdfs_corrected\unknown\review\pdfs\biohacking_longevity\longevity_v1\NLRP3-Inflammasome-Blockade-Inhibits-VEGF-A-Induced-Age-Relate_2013_Cell-Rep.pdf,unknown,review,low,NLRP3 Inflammasome Blockade Inhibits VEGF-A-Induced Age-Related Macular Degeneration,mixed or weak signals; construction=none; building_context=none; contamination=none; climate=none
input\pdfs\biohacking_longevity\longevity_v1\Nonautonomous-Regulation-of-Neuronal-Migration-by-Insulin-Sign_2013_Cell-Rep.pdf,main_pdfs_corrected\unknown\review\pdfs\biohacking_longevity\longevity_v1\Nonautonomous-Regulation-of-Neuronal-Migration-by-Insulin-Sign_2013_Cell-Rep.pdf,unknown,review,low,"Nonautonomous Regulation of Neuronal Migration by Insulin Signaling, DAF-16/FOXO, and PAK-1",mixed or weak signals; construction=none; building_context=none; contamination=none; climate=none
input\pdfs\biohacking_longevity\longevity_v1\On-the-path-to--Fe-S--protein-matura_2024_Biochimica-et-Biophysica-Acta--BBA.pdf,main_pdfs_corrected\biomedical\review\pdfs\biohacking_longevity\longevity_v1\On-the-path-to--Fe-S--protein-matura_2024_Biochimica-et-Biophysica-Acta--BBA.pdf,biomedical,review,low,On the path to [Fe-S] protein maturation: A personal perspective,mixed or weak signals; construction=none; building_context=none; contamination=protein; climate=none
input\pdfs\biohacking_longevity\longevity_v1\Overexpression-of-PEX14-results-in-mistargeting-to_2024_Biochimica-et-Biophy.pdf,main_pdfs_corrected\materials_science\review\pdfs\biohacking_longevity\longevity_v1\Overexpression-of-PEX14-results-in-mistargeting-to_2024_Biochimica-et-Biophy.pdf,materials_science,review,low,"Overexpression of PEX14 results in mistargeting to mitochondria, accompanied by organelle fragmentation and clustering in human embryonic kidney cells",mixed or weak signals; construction=materials; building_context=none; contamination=protein; climate=none
input\pdfs\biohacking_longevity\longevity_v1\Preconfigured--Skewed-Distribution-of-Firing-Rates-in-the-Hipp_2013_Cell-Rep.pdf,main_pdfs_corrected\unknown\review\pdfs\biohacking_longevity\longevity_v1\Preconfigured--Skewed-Distribution-of-Firing-Rates-in-the-Hipp_2013_Cell-Rep.pdf,unknown,review,low,"Preconfigured, Skewed Distribution of Firing Rates in the Hippocampus and Entorhinal Cortex",mixed or weak signals; construction=none; building_context=none; contamination=none; climate=none
input\pdfs\biohacking_longevity\longevity_v1\Protein-kinase-D1-and-downstream-signaling-m_2024_Biochimica-et-Biophysica-A.pdf,main_pdfs_corrected\biomedical\review\pdfs\biohacking_longevity\longevity_v1\Protein-kinase-D1-and-downstream-signaling-m_2024_Biochimica-et-Biophysica-A.pdf,biomedical,review,low,Protein kinase-D1 and downstream signaling mechanisms involved in GLUT4 translocation in cardiac muscle,mixed or weak signals; construction=none; building_context=none; contamination=protein; climate=none
input\pdfs\biohacking_longevity\longevity_v1\RAG2-s-Acidic-Hinge-Restricts-Repair-Pathway-Choice-and-Promot_2013_Cell-Rep.pdf,main_pdfs_corrected\unknown\review\pdfs\biohacking_longevity\longevity_v1\RAG2-s-Acidic-Hinge-Restricts-Repair-Pathway-Choice-and-Promot_2013_Cell-Rep.pdf,unknown,review,low,RAG2's Acidic Hinge Restricts Repair-Pathway Choice and Promotes Genomic Stability,mixed or weak signals; construction=none; building_context=none; contamination=none; climate=none
input\pdfs\biohacking_longevity\longevity_v1\Selective-Small-Molecule-Targeting---Catenin-Function-Discovere_2013_Cell-Re.pdf,main_pdfs_corrected\unknown\review\pdfs\biohacking_longevity\longevity_v1\Selective-Small-Molecule-Targeting---Catenin-Function-Discovere_2013_Cell-Re.pdf,unknown,review,low,Selective Small Molecule Targeting &beta;-Catenin Function Discovered by In&nbsp;Vivo Chemical Genetic Screen,mixed or weak signals; construction=none; building_context=none; contamination=none; climate=none
input\pdfs\biohacking_longevity\longevity_v1\SLX4-Assembles-a-Telomere-Maintenance-Toolkit-by-Bridging-Multi_2013_Cell-Re.pdf,main_pdfs_corrected\unknown\review\pdfs\biohacking_longevity\longevity_v1\SLX4-Assembles-a-Telomere-Maintenance-Toolkit-by-Bridging-Multi_2013_Cell-Re.pdf,unknown,review,low,SLX4 Assembles a Telomere Maintenance Toolkit by Bridging Multiple Endonucleases with Telomeres,mixed or weak signals; construction=none; building_context=none; contamination=none; climate=none
input\pdfs\biohacking_longevity\longevity_v1\The-RNA-Methyltransferase-Dnmt2-Is-Required-for-Efficient-Dicer-_2013_Cell-R.pdf,main_pdfs_corrected\unknown\review\pdfs\biohacking_longevity\longevity_v1\The-RNA-Methyltransferase-Dnmt2-Is-Required-for-Efficient-Dicer-_2013_Cell-R.pdf,unknown,review,low,The RNA Methyltransferase Dnmt2 Is Required for Efficient Dicer-2-Dependent siRNA Pathway Activity in Drosophila,mixed or weak signals; construction=none; building_context=none; contamination=none; climate=none
input\pdfs\biohacking_longevity\longevity_v1\The-XLID-Protein-PQBP1-and-the-GTPase-Dynamin-2-Define-a-Signalin_2013_Cell-.pdf,main_pdfs_corrected\biomedical\review\pdfs\biohacking_longevity\longevity_v1\The-XLID-Protein-PQBP1-and-the-GTPase-Dynamin-2-Define-a-Signalin_2013_Cell-.pdf,biomedical,review,low,The XLID Protein PQBP1 and the GTPase Dynamin 2 Define a Signaling Link that Orchestrates Ciliary Morphogenesis in Postmitotic Neurons,mixed or weak signals; construction=none; building_context=none; contamination=protein; climate=none
input\pdfs\biohacking_longevity\longevity_v1\UKLF-PCBP2-axis-governs-the-colorectal-canc_2024_Biochimica-et-Biophysica-Ac.pdf,main_pdfs_corrected\biomedical\review\pdfs\biohacking_longevity\longevity_v1\UKLF-PCBP2-axis-governs-the-colorectal-canc_2024_Biochimica-et-Biophysica-Ac.pdf,biomedical,review,low,UKLF/PCBP2 axis governs the colorectal cancer development by transcriptionally activating SLC39A4,mixed or weak signals; construction=none; building_context=none; contamination=protein; climate=none
input\pdfs\neuroscience_cognition\A-Developmental-Framework-for-Graft-Formation-and-.pdf,main_pdfs_corrected\unknown\review\pdfs\neuroscience_cognition\A-Developmental-Framework-for-Graft-Formation-and-.pdf,unknown,review,low,A Developmental Framework for Graft Formation and Vascular Reconnection in Arabidopsis thaliana,mixed or weak signals; construction=none; building_context=none; contamination=none; climate=none
input\pdfs\neuroscience_cognition\A-Transcriptomic-Phylogenomic-Analysis-of-the-Evol.pdf,main_pdfs_corrected\unknown\review\pdfs\neuroscience_cognition\A-Transcriptomic-Phylogenomic-Analysis-of-the-Evol.pdf,unknown,review,low,A Transcriptomic-Phylogenomic Analysis of the Evolutionary Relationships of Flatworms,mixed or weak signals; construction=none; building_context=none; contamination=none; climate=none
input\pdfs\neuroscience_cognition\Alcino-Silva_curbio.pdf,main_pdfs_corrected\unknown\review\pdfs\neuroscience_cognition\Alcino-Silva_curbio.pdf,unknown,review,low,Alcino Silva,mixed or weak signals; construction=none; building_context=none; contamination=none; climate=none
input\pdfs\neuroscience_cognition\Alterations-of-Hippocampal-Place-Cells-in-Foraging.pdf,main_pdfs_corrected\unknown\review\pdfs\neuroscience_cognition\Alterations-of-Hippocampal-Place-Cells-in-Foraging.pdf,unknown,review,low,Alterations of Hippocampal Place Cells in Foraging Rats Facing a ``Predatory'' Threat,mixed or weak signals; construction=none; building_context=none; contamination=none; climate=none
input\pdfs\neuroscience_cognition\Attractor-dynamics-of-working-memory-explain-a-con.pdf,main_pdfs_corrected\unknown\review\pdfs\neuroscience_cognition\Attractor-dynamics-of-working-memory-explain-a-con.pdf,unknown,review,low,Attractor dynamics of working memory explain a concurrent evolution of stimulus-specific and decision-consistent biases in visual estimation,mixed or weak signals; construction=none; building_context=none; contamination=none; climate=none
input\pdfs\neuroscience_cognition\Bat-flight_curbio.pdf,main_pdfs_corrected\materials_science\review\pdfs\neuroscience_cognition\Bat-flight_curbio.pdf,materials_science,review,low,Bat flight,mixed or weak signals; construction=materials; building_context=none; contamination=none; climate=none
input\pdfs\neuroscience_cognition\BOLD-fMRI-Correlation-Reflects-Frequency-Specific-.pdf,main_pdfs_corrected\unknown\review\pdfs\neuroscience_cognition\BOLD-fMRI-Correlation-Reflects-Frequency-Specific-.pdf,unknown,review,low,BOLD fMRI Correlation Reflects Frequency-Specific Neuronal Correlation,mixed or weak signals; construction=none; building_context=none; contamination=none; climate=none
input\pdfs\neuroscience_cognition\Can-zoos-offer-more-than-entertainment-_curbio.pdf,main_pdfs_corrected\unknown\review\pdfs\neuroscience_cognition\Can-zoos-offer-more-than-entertainment-_curbio.pdf,unknown,review,low,Can zoos offer more than entertainment?,mixed or weak signals; construction=none; building_context=none; contamination=none; climate=none
input\pdfs\neuroscience_cognition\Chromothripsis_curbio.pdf,main_pdfs_corrected\unknown\review\pdfs\neuroscience_cognition\Chromothripsis_curbio.pdf,unknown,review,low,Chromothripsis,mixed or weak signals; construction=none; building_context=none; contamination=none; climate=none
input\pdfs\neuroscience_cognition\Complete-Genomes-Reveal-Signatures-of-Demographic-.pdf,main_pdfs_corrected\unknown\review\pdfs\neuroscience_cognition\Complete-Genomes-Reveal-Signatures-of-Demographic-.pdf,unknown,review,low,Complete Genomes Reveal Signatures of Demographic and Genetic Declines in the Woolly Mammoth,mixed or weak signals; construction=none; building_context=none; contamination=none; climate=none
input\pdfs\neuroscience_cognition\Connectomics-Based-Analysis-of-Information-Flow-in.pdf,main_pdfs_corrected\unknown\review\pdfs\neuroscience_cognition\Connectomics-Based-Analysis-of-Information-Flow-in.pdf,unknown,review,low,Connectomics-Based Analysis of Information Flow in the Drosophila Brain,mixed or weak signals; construction=structural; building_context=none; contamination=none; climate=none
input\pdfs\neuroscience_cognition\Cross-referencing-online-activity-with-the-connect.pdf,main_pdfs_corrected\biomedical\review\pdfs\neuroscience_cognition\Cross-referencing-online-activity-with-the-connect.pdf,biomedical,review,low,Cross-referencing online activity with the connectome to identify a neglected but well-connected neuron,mixed or weak signals; construction=none; building_context=none; contamination=protein; climate=none
input\pdfs\neuroscience_cognition\Cyclin-E-Deregulation-Promotes-Loss-of-Specific-Ge.pdf,main_pdfs_corrected\unknown\review\pdfs\neuroscience_cognition\Cyclin-E-Deregulation-Promotes-Loss-of-Specific-Ge.pdf,unknown,review,low,Cyclin E Deregulation Promotes Loss of Specific Genomic Regions,mixed or weak signals; construction=none; building_context=none; contamination=none; climate=none
input\pdfs\neuroscience_cognition\Differential-Impact-of-Behavioral-Relevance-on-Qua.pdf,main_pdfs_corrected\unknown\review\pdfs\neuroscience_cognition\Differential-Impact-of-Behavioral-Relevance-on-Qua.pdf,unknown,review,low,Differential Impact of Behavioral Relevance on Quantity Coding in Primate Frontal and Parietal Neurons,mixed or weak signals; construction=none; building_context=none; contamination=none; climate=none
input\pdfs\neuroscience_cognition\Entangled-cellular-and-molecular-relationships-at-.pdf,main_pdfs_corrected\unknown\review\pdfs\neuroscience_cognition\Entangled-cellular-and-molecular-relationships-at-.pdf,unknown,review,low,Entangled cellular and molecular relationships at the sensory neuron-cancer interface,mixed or weak signals; construction=none; building_context=none; contamination=none; climate=none
input\pdfs\neuroscience_cognition\Genetic-Dissection-of-a-Regionally-Differentiated-.pdf,main_pdfs_corrected\unknown\review\pdfs\neuroscience_cognition\Genetic-Dissection-of-a-Regionally-Differentiated-.pdf,unknown,review,low,Genetic Dissection of a Regionally Differentiated Network for Exploratory Behavior in Drosophila Larvae,mixed or weak signals; construction=none; building_context=none; contamination=none; climate=none
input\pdfs\neuroscience_cognition\Genetics--Dynamic-Cellular-Aging-Markers-Associate.pdf,main_pdfs_corrected\unknown\review\pdfs\neuroscience_cognition\Genetics--Dynamic-Cellular-Aging-Markers-Associate.pdf,unknown,review,low,Genetics: Dynamic Cellular Aging Markers Associated with Major Depression,mixed or weak signals; construction=none; building_context=none; contamination=none; climate=none
input\pdfs\neuroscience_cognition\Human-Cooperation--The-Race-to-Give_curbio.pdf,main_pdfs_corrected\physics\review\pdfs\neuroscience_cognition\Human-Cooperation--The-Race-to-Give_curbio.pdf,physics,review,low,Human Cooperation: The Race to Give,mixed or weak signals; construction=none; building_context=none; contamination=none; climate=none
input\pdfs\neuroscience_cognition\Human-Evolution--Enhancing-the-Brain_curbio.pdf,main_pdfs_corrected\unknown\review\pdfs\neuroscience_cognition\Human-Evolution--Enhancing-the-Brain_curbio.pdf,unknown,review,low,Human Evolution: Enhancing the Brain,mixed or weak signals; construction=none; building_context=none; contamination=none; climate=none
"input\pdfs\neuroscience_cognition\Identification-of-the-peptide-Vulnusin,-a-wound-si.pdf","main_pdfs_corrected\biomedical\review\pdfs\neuroscience_cognition\Identification-of-the-peptide-Vulnusin,-a-wound-si.pdf",biomedical,review,low,"Identification of the peptide Vulnusin, a wound signal that mediates mechanical-injury-induced nociception in Drosophila",mixed or weak signals; construction=none; building_context=none; contamination=protein; climate=none
input\pdfs\neuroscience_cognition\Immunology--Dendritic-Cells-Pull-the-T-Cell’s-Stri.pdf,main_pdfs_corrected\physics\review\pdfs\neuroscience_cognition\Immunology--Dendritic-Cells-Pull-the-T-Cell’s-Stri.pdf,physics,review,low,Immunology: Dendritic Cells Pull the T Cell's Strings,mixed or weak signals; construction=none; building_context=none; contamination=none; climate=none
input\pdfs\neuroscience_cognition\Innate-Predator-Odor-Aversion-Driven-by-Parallel-O.pdf,main_pdfs_corrected\unknown\review\pdfs\neuroscience_cognition\Innate-Predator-Odor-Aversion-Driven-by-Parallel-O.pdf,unknown,review,low,Innate Predator Odor Aversion Driven by Parallel Olfactory Subsystems that Converge in the Ventromedial Hypothalamus,mixed or weak signals; construction=none; building_context=none; contamination=none; climate=none
input\pdfs\neuroscience_cognition\Molecular-and-spatial-analysis-of-ganglion-cells-o.pdf,main_pdfs_corrected\unknown\review\pdfs\neuroscience_cognition\Molecular-and-spatial-analysis-of-ganglion-cells-o.pdf,unknown,review,low,NEURON17228_grabs 1..1,mixed or weak signals; construction=none; building_context=none; contamination=none; climate=none
input\pdfs\neuroscience_cognition\Neuroanatomy--Connectome-Connects-Fly-and-Mammalia.pdf,main_pdfs_corrected\unknown\review\pdfs\neuroscience_cognition\Neuroanatomy--Connectome-Connects-Fly-and-Mammalia.pdf,unknown,review,low,Neuroanatomy: Connectome Connects Fly and Mammalian Brain Networks,mixed or weak signals; construction=none; building_context=none; contamination=none; climate=none
input\pdfs\neuroscience_cognition\Neuron-Migration--Anillin-Protects-Leading-Edge-Ac.pdf,main_pdfs_corrected\unknown\review\pdfs\neuroscience_cognition\Neuron-Migration--Anillin-Protects-Leading-Edge-Ac.pdf,unknown,review,low,Neuron Migration: Anillin Protects Leading Edge Actin,mixed or weak signals; construction=none; building_context=none; contamination=none; climate=none
input\pdfs\neuroscience_cognition\Optogenetic-control-of-organelle-transport-using-a.pdf,main_pdfs_corrected\biomedical\review\pdfs\neuroscience_cognition\Optogenetic-control-of-organelle-transport-using-a.pdf,biomedical,review,low,Optogenetic control of organelle transport using a photocaged chemical inducer of dimerization,mixed or weak signals; construction=none; building_context=none; contamination=protein; climate=none
input\pdfs\neuroscience_cognition\Oscillatory-Flow-Modulates-Mechanosensitive-klf2a-.pdf,main_pdfs_corrected\unknown\review\pdfs\neuroscience_cognition\Oscillatory-Flow-Modulates-Mechanosensitive-klf2a-.pdf,unknown,review,low,Oscillatory Flow Modulates Mechanosensitive klf2a Expression through trpv4 and trpp2 during Heart Valve Development,mixed or weak signals; construction=none; building_context=none; contamination=none; climate=none
input\pdfs\neuroscience_cognition\Photoperiod-Programs-Dorsal-Raphe-Serotonergic-Neu.pdf,main_pdfs_corrected\unknown\review\pdfs\neuroscience_cognition\Photoperiod-Programs-Dorsal-Raphe-Serotonergic-Neu.pdf,unknown,review,low,Photoperiod Programs Dorsal Raphe Serotonergic Neurons and Affective Behaviors,mixed or weak signals; construction=none; building_context=none; contamination=none; climate=none
input\pdfs\neuroscience_cognition\Plant-Grafting--Making-the-Right-Connections_curbi.pdf,main_pdfs_corrected\unknown\review\pdfs\neuroscience_cognition\Plant-Grafting--Making-the-Right-Connections_curbi.pdf,unknown,review,low,Plant Grafting: Making the Right Connections,mixed or weak signals; construction=none; building_context=none; contamination=none; climate=none
input\pdfs\neuroscience_cognition\Plant-Sex-Chromosomes--Lost-Genes-with-Little-Comp.pdf,main_pdfs_corrected\unknown\review\pdfs\neuroscience_cognition\Plant-Sex-Chromosomes--Lost-Genes-with-Little-Comp.pdf,unknown,review,low,Plant Sex Chromosomes: Lost Genes with Little Compensation,mixed or weak signals; construction=none; building_context=none; contamination=none; climate=none
input\pdfs\neuroscience_cognition\Root-Cap-Derived-Auxin-Pre-patterns-the-Longitudin.pdf,main_pdfs_corrected\unknown\review\pdfs\neuroscience_cognition\Root-Cap-Derived-Auxin-Pre-patterns-the-Longitudin.pdf,unknown,review,low,Root Cap-Derived Auxin Pre-patterns the Longitudinal Axis of the Arabidopsis Root,mixed or weak signals; construction=none; building_context=none; contamination=none; climate=none
input\pdfs\neuroscience_cognition\Sleep-Restores-Behavioral-Plasticity-to-Drosophila.pdf,main_pdfs_corrected\unknown\review\pdfs\neuroscience_cognition\Sleep-Restores-Behavioral-Plasticity-to-Drosophila.pdf,unknown,review,low,Sleep Restores Behavioral Plasticity to Drosophila Mutants,mixed or weak signals; construction=none; building_context=none; contamination=none; climate=none
input\pdfs\neuroscience_cognition\Spectral-filtering-enables-trichromatic-vision-in-.pdf,main_pdfs_corrected\physics\review\pdfs\neuroscience_cognition\Spectral-filtering-enables-trichromatic-vision-in-.pdf,physics,review,low,Spectral filtering enables trichromatic vision in colorful jumping spiders,mixed or weak signals; construction=structural; building_context=none; contamination=none; climate=none
input\pdfs\neuroscience_cognition\Temporal-Dynamics-of-Avian-Populations-during-Plei.pdf,main_pdfs_corrected\unknown\review\pdfs\neuroscience_cognition\Temporal-Dynamics-of-Avian-Populations-during-Plei.pdf,unknown,review,low,Temporal Dynamics of Avian Populations during Pleistocene Revealed by Whole-Genome Sequences,mixed or weak signals; construction=none; building_context=none; contamination=none; climate=none
input\pdfs\neuroscience_cognition\The-how-and-why-of-sleep--Motor-theory-and-catecho.pdf,main_pdfs_corrected\unknown\review\pdfs\neuroscience_cognition\The-how-and-why-of-sleep--Motor-theory-and-catecho.pdf,unknown,review,low,The how and why of sleep: Motor theory and catecholamine hypothesis,mixed or weak signals; construction=none; building_context=none; contamination=none; climate=none
input\pdfs\neuroscience_cognition\The-Importance-and-Benefits-of-Species_curbio.pdf,main_pdfs_corrected\unknown\review\pdfs\neuroscience_cognition\The-Importance-and-Benefits-of-Species_curbio.pdf,unknown,review,low,The Importance and Benefits of Species,mixed or weak signals; construction=none; building_context=none; contamination=none; climate=none
input\pdfs\neuroscience_cognition\Traffic-of-p24-Proteins-and-COPII-Coat-Composition.pdf,main_pdfs_corrected\biomedical\review\pdfs\neuroscience_cognition\Traffic-of-p24-Proteins-and-COPII-Coat-Composition.pdf,biomedical,review,low,Traffic of p24 Proteins and COPII Coat Composition Mutually Influence Membrane Scaffolding,mixed or weak signals; construction=none; building_context=none; contamination=protein; climate=none
input\pdfs\neuroscience_cognition\Transcriptional-Coordination-of-Synaptogenesis-and.pdf,main_pdfs_corrected\unknown\review\pdfs\neuroscience_cognition\Transcriptional-Coordination-of-Synaptogenesis-and.pdf,unknown,review,low,Transcriptional Coordination of Synaptogenesis and Neurotransmitter Signaling,mixed or weak signals; construction=none; building_context=none; contamination=none; climate=none
input\pdfs\neuroscience_cognition\Tumor-Metabolism--MAGE-A-Proteins-Help-TRIM-Turn O.pdf,main_pdfs_corrected\biomedical\review\pdfs\neuroscience_cognition\Tumor-Metabolism--MAGE-A-Proteins-Help-TRIM-Turn O.pdf,biomedical,review,low,Tumor Metabolism: MAGE-A Proteins Help TRIM Turn&nbsp;Over AMPK,mixed or weak signals; construction=none; building_context=none; contamination=protein; climate=none
input\pdfs\neuroscience_cognition\Wild-Bearded-Capuchin-Monkeys-Crack-Nuts-Dexterous.pdf,main_pdfs_corrected\unknown\review\pdfs\neuroscience_cognition\Wild-Bearded-Capuchin-Monkeys-Crack-Nuts-Dexterous.pdf,unknown,review,low,Wild Bearded Capuchin Monkeys Crack Nuts Dexterously,mixed or weak signals; construction=none; building_context=none; contamination=none; climate=none
input\pdfs\stem_cells_regen\00_INDEX_StemCell_Paper_Briefs.pdf,main_pdfs_corrected\biomedical\review\pdfs\stem_cells_regen\00_INDEX_StemCell_Paper_Briefs.pdf,biomedical,review,med,(anonymous),mixed or weak signals; construction=none; building_context=none; contamination=stem cell; climate=none
input\pdfs\stem_cells_regen\A-Role-for-Matrix-Metalloproteinases-in-Regulating.pdf,main_pdfs_corrected\biomedical\review\pdfs\stem_cells_regen\A-Role-for-Matrix-Metalloproteinases-in-Regulating.pdf,biomedical,review,med,A Role for Matrix Metalloproteinases in Regulating Mammary Stem Cell Function via the Wnt Signaling Pathway,mixed or weak signals; construction=none; building_context=none; contamination=stem cell; climate=none
input\pdfs\stem_cells_regen\A01_A_comprehensive_analysis_of_induced_pluripotent_stem_cell_iPSC_reprogramming_met.pdf,main_pdfs_corrected\biomedical\skip\pdfs\stem_cells_regen\A01_A_comprehensive_analysis_of_induced_pluripotent_stem_cell_iPSC_reprogramming_met.pdf,biomedical,skip,high,(anonymous),"strong biomedical contamination: assay, biological sample, stem cell"
input\pdfs\stem_cells_regen\A02_Induced_pluripotent_stem_cells_iPSCs.pdf,main_pdfs_corrected\biomedical\skip\pdfs\stem_cells_regen\A02_Induced_pluripotent_stem_cells_iPSCs.pdf,biomedical,skip,high,(anonymous),"strong biomedical contamination: assay, biological sample, stem cell"
input\pdfs\stem_cells_regen\A03_Multi_lineage_human_iPSC_derived_platforms_for_disease_modeling_and_drug_discove.pdf,main_pdfs_corrected\biomedical\skip\pdfs\stem_cells_regen\A03_Multi_lineage_human_iPSC_derived_platforms_for_disease_modeling_and_drug_discove.pdf,biomedical,skip,high,(anonymous),"strong biomedical contamination: assay, biological sample, stem cell"
input\pdfs\stem_cells_regen\A04_iPSC_derived_and_patient_derived_organoids_a_comparative_review.pdf,main_pdfs_corrected\biomedical\skip\pdfs\stem_cells_regen\A04_iPSC_derived_and_patient_derived_organoids_a_comparative_review.pdf,biomedical,skip,high,(anonymous),"strong biomedical contamination: assay, biological sample, stem cell"
input\pdfs\stem_cells_regen\A05_Identity_and_maturity_of_iPSC_derived_oligodendrocytes_in_2D_cultures_and_organo.pdf,main_pdfs_corrected\biomedical\skip\pdfs\stem_cells_regen\A05_Identity_and_maturity_of_iPSC_derived_oligodendrocytes_in_2D_cultures_and_organo.pdf,biomedical,skip,high,(anonymous),"strong biomedical contamination: assay, biological sample, stem cell"
input\pdfs\stem_cells_regen\A06_Balancing_serendipity_and_reproducibility_in_pluripotent_stem_cell_reprogramming.pdf,main_pdfs_corrected\biomedical\skip\pdfs\stem_cells_regen\A06_Balancing_serendipity_and_reproducibility_in_pluripotent_stem_cell_reprogramming.pdf,biomedical,skip,high,(anonymous),"strong biomedical contamination: assay, biological sample, stem cell"
input\pdfs\stem_cells_regen\A07_Stable_iPSC_derived_NKX2_1_lung_bud_tip_progenitor_organoids.pdf,main_pdfs_corrected\biomedical\skip\pdfs\stem_cells_regen\A07_Stable_iPSC_derived_NKX2_1_lung_bud_tip_progenitor_organoids.pdf,biomedical,skip,high,(anonymous),"strong biomedical contamination: assay, biological sample, stem cell"
input\pdfs\stem_cells_regen\A08_Generation_of_human_iPSC_derived_pancreatic_organoids_to_promote_acinar_lineage_.pdf,main_pdfs_corrected\biomedical\skip\pdfs\stem_cells_regen\A08_Generation_of_human_iPSC_derived_pancreatic_organoids_to_promote_acinar_lineage_.pdf,biomedical,skip,high,(anonymous),"strong biomedical contamination: assay, biological sample, stem cell"
input\pdfs\stem_cells_regen\And-Then-There-Were-None--No-Need-for-Pluripotency.pdf,main_pdfs_corrected\biomedical\review\pdfs\stem_cells_regen\And-Then-There-Were-None--No-Need-for-Pluripotency.pdf,biomedical,review,med,And Then There Were None: No Need for Pluripotency Factors to Induce Reprogramming,mixed or weak signals; construction=none; building_context=none; contamination=stem cell; climate=none
input\pdfs\stem_cells_regen\Architectural-Niche-Organization-by-LHX2-Is-Linked.pdf,main_pdfs_corrected\biomedical\review\pdfs\stem_cells_regen\Architectural-Niche-Organization-by-LHX2-Is-Linked.pdf,biomedical,review,med,Architectural Niche Organization by LHX2 Is Linked to Hair Follicle Stem Cell Function,mixed or weak signals; construction=none; building_context=none; contamination=stem cell; climate=none
input\pdfs\stem_cells_regen\B01_Mesenchymal_stem_cell_derived_secretome_immunomodulatory_effects_in_immune_media.pdf,main_pdfs_corrected\biomedical\skip\pdfs\stem_cells_regen\B01_Mesenchymal_stem_cell_derived_secretome_immunomodulatory_effects_in_immune_media.pdf,biomedical,skip,high,(anonymous),"strong biomedical contamination: assay, biological sample, stem cell"
input\pdfs\stem_cells_regen\B02_Mesenchymal_stromal_cell_secretome_for_the_treatment_of_immune_mediated_inflamma.pdf,main_pdfs_corrected\biomedical\skip\pdfs\stem_cells_regen\B02_Mesenchymal_stromal_cell_secretome_for_the_treatment_of_immune_mediated_inflamma.pdf,biomedical,skip,high,(anonymous),"strong biomedical contamination: assay, biological sample, stem cell"
input\pdfs\stem_cells_regen\B03_Mesenchymal_stromal_cell_secretome_influencing_immune_responses_through_precondi.pdf,main_pdfs_corrected\biomedical\skip\pdfs\stem_cells_regen\B03_Mesenchymal_stromal_cell_secretome_influencing_immune_responses_through_precondi.pdf,biomedical,skip,high,(anonymous),"strong biomedical contamination: assay, biological sample, stem cell"
input\pdfs\stem_cells_regen\B04_The_current_landscape_of_the_mesenchymal_stromal_cell_secretome_a_new_paradigm_f.pdf,main_pdfs_corrected\biomedical\skip\pdfs\stem_cells_regen\B04_The_current_landscape_of_the_mesenchymal_stromal_cell_secretome_a_new_paradigm_f.pdf,biomedical,skip,high,(anonymous),"strong biomedical contamination: assay, biological sample, stem cell"
input\pdfs\stem_cells_regen\B05_Mesenchymal_stem_stromal_cell_derived_exosomes_for_immunomodulation_and_therapy_.pdf,main_pdfs_corrected\biomedical\skip\pdfs\stem_cells_regen\B05_Mesenchymal_stem_stromal_cell_derived_exosomes_for_immunomodulation_and_therapy_.pdf,biomedical,skip,high,(anonymous),"strong biomedical contamination: assay, biological sample, stem cell"
input\pdfs\stem_cells_regen\B06_Mesenchymal_stem_cell_secretome_therapy_on_inflammation_a_systematic_review.pdf,main_pdfs_corrected\biomedical\skip\pdfs\stem_cells_regen\B06_Mesenchymal_stem_cell_secretome_therapy_on_inflammation_a_systematic_review.pdf,biomedical,skip,high,(anonymous),"strong biomedical contamination: assay, biological sample, stem cell"
input\pdfs\stem_cells_regen\Breaking-the-Canon--Indirect-Regulation-of-Wnt-Sig.pdf,main_pdfs_corrected\biomedical\review\pdfs\stem_cells_regen\Breaking-the-Canon--Indirect-Regulation-of-Wnt-Sig.pdf,biomedical,review,med,Breaking the Canon: Indirect Regulation of Wnt Signaling in Mammary Stem Cells by MMP3,"mixed or weak signals; construction=none; building_context=none; contamination=protein, stem cell; climate=none"
input\pdfs\stem_cells_regen\Broadening-the-Indications-for-Hematopoietic-Stem-.pdf,main_pdfs_corrected\biomedical\review\pdfs\stem_cells_regen\Broadening-the-Indications-for-Hematopoietic-Stem-.pdf,biomedical,review,med,Broadening the Indications for Hematopoietic Stem Cell Genetic Therapies,"mixed or weak signals; construction=none; building_context=none; contamination=protein, stem cell; climate=none"
input\pdfs\stem_cells_regen\C01_Progress_and_challenges_in_developing_allogeneic_cell_therapies.pdf,main_pdfs_corrected\biomedical\skip\pdfs\stem_cells_regen\C01_Progress_and_challenges_in_developing_allogeneic_cell_therapies.pdf,biomedical,skip,high,(anonymous),"strong biomedical contamination: assay, biological sample, stem cell"
input\pdfs\stem_cells_regen\C02_Immune_editing_overcoming_immune_barriers_in_stem_cell_transplantation.pdf,main_pdfs_corrected\biomedical\skip\pdfs\stem_cells_regen\C02_Immune_editing_overcoming_immune_barriers_in_stem_cell_transplantation.pdf,biomedical,skip,high,(anonymous),"strong biomedical contamination: assay, biological sample, stem cell"
input\pdfs\stem_cells_regen\C03_Immunogenicity_and_tumorigenicity_of_pluripotent_stem_cells_and_their_derivative.pdf,main_pdfs_corrected\biomedical\skip\pdfs\stem_cells_regen\C03_Immunogenicity_and_tumorigenicity_of_pluripotent_stem_cells_and_their_derivative.pdf,biomedical,skip,high,(anonymous),"strong biomedical contamination: assay, biological sample, stem cell"
input\pdfs\stem_cells_regen\C04_Tumorigenicity_as_a_clinical_hurdle_for_pluripotent_stem_cell_therapies.pdf,main_pdfs_corrected\biomedical\skip\pdfs\stem_cells_regen\C04_Tumorigenicity_as_a_clinical_hurdle_for_pluripotent_stem_cell_therapies.pdf,biomedical,skip,high,(anonymous),"strong biomedical contamination: assay, biological sample, stem cell"
input\pdfs\stem_cells_regen\C05_Mechanisms_and_strategies_for_improvement_of_mesenchymal_stem_cell_homing.pdf,main_pdfs_corrected\biomedical\skip\pdfs\stem_cells_regen\C05_Mechanisms_and_strategies_for_improvement_of_mesenchymal_stem_cell_homing.pdf,biomedical,skip,high,(anonymous),"strong biomedical contamination: assay, biological sample, stem cell"
input\pdfs\stem_cells_regen\C06_Homing_and_migration_of_mesenchymal_stromal_cells_how_to_improve_the_efficacy_of.pdf,main_pdfs_corrected\biomedical\skip\pdfs\stem_cells_regen\C06_Homing_and_migration_of_mesenchymal_stromal_cells_how_to_improve_the_efficacy_of.pdf,biomedical,skip,high,(anonymous),"strong biomedical contamination: assay, biological sample, stem cell"
input\pdfs\stem_cells_regen\Chemical-Approaches-to-Stem-Cell-Biology-and-Thera.pdf,main_pdfs_corrected\biomedical\review\pdfs\stem_cells_regen\Chemical-Approaches-to-Stem-Cell-Biology-and-Thera.pdf,biomedical,review,med,Chemical Approaches to Stem Cell Biology and Therapeutics,mixed or weak signals; construction=none; building_context=none; contamination=stem cell; climate=none
input\pdfs\stem_cells_regen\DNA-Demethylation-in-Pluripotency-and-Reprogrammin.pdf,main_pdfs_corrected\biomedical\review\pdfs\stem_cells_regen\DNA-Demethylation-in-Pluripotency-and-Reprogrammin.pdf,biomedical,review,med,DNA Demethylation in Pluripotency and Reprogramming: The Role of Tet Proteins and Cell Division,"mixed or weak signals; construction=none; building_context=none; contamination=protein, stem cell; climate=none"
input\pdfs\stem_cells_regen\FGF-Signaling-Inhibition-in-ESCs-Drives-Rapid-Geno.pdf,main_pdfs_corrected\biomedical\review\pdfs\stem_cells_regen\FGF-Signaling-Inhibition-in-ESCs-Drives-Rapid-Geno.pdf,biomedical,review,med,FGF Signaling Inhibition in ESCs Drives Rapid Genome-wide Demethylation to the Epigenetic Ground State of Pluripotency,"mixed or weak signals; construction=none; building_context=none; contamination=biological sample, stem cell; climate=none"
input\pdfs\stem_cells_regen\In-This-Issue_stem.pdf,main_pdfs_corrected\biomedical\review\pdfs\stem_cells_regen\In-This-Issue_stem.pdf,biomedical,review,med,In This Issue,mixed or weak signals; construction=none; building_context=none; contamination=stem cell; climate=none
input\pdfs\stem_cells_regen\Myeloproliferative-Neoplasia-Remodels-the-Endostea.pdf,main_pdfs_corrected\biomedical\review\pdfs\stem_cells_regen\Myeloproliferative-Neoplasia-Remodels-the-Endostea.pdf,biomedical,review,med,Myeloproliferative Neoplasia Remodels the Endosteal Bone Marrow Niche into a Self-Reinforcing Leukemic Niche,mixed or weak signals; construction=none; building_context=none; contamination=stem cell; climate=none
input\pdfs\stem_cells_regen\Reprogramming-Fibroblasts-into-Bipotential-Hepatic.pdf,main_pdfs_corrected\biomedical\review\pdfs\stem_cells_regen\Reprogramming-Fibroblasts-into-Bipotential-Hepatic.pdf,biomedical,review,med,Reprogramming Fibroblasts into Bipotential Hepatic Stem Cells by Defined Factors,mixed or weak signals; construction=none; building_context=none; contamination=stem cell; climate=none
input\pdfs\stem_cells_regen\Reprogramming-of-Human-Fibroblasts-to-Pluripotency.pdf,main_pdfs_corrected\biomedical\review\pdfs\stem_cells_regen\Reprogramming-of-Human-Fibroblasts-to-Pluripotency.pdf,biomedical,review,med,Reprogramming of Human Fibroblasts to Pluripotency with Lineage Specifiers,"mixed or weak signals; construction=none; building_context=none; contamination=biological sample, stem cell; climate=none"
input\pdfs\stem_cells_regen\Sinister-Symbiosis--Pathological-Hematopoietic-Str.pdf,main_pdfs_corrected\biomedical\review\pdfs\stem_cells_regen\Sinister-Symbiosis--Pathological-Hematopoietic-Str.pdf,biomedical,review,med,Sinister Symbiosis: Pathological Hematopoietic-Stromal Interactions in CML,mixed or weak signals; construction=none; building_context=none; contamination=stem cell; climate=none
input\pdfs\stem_cells_regen\Whole-Genome-Bisulfite-Sequencing-of-Two-Distinct-.pdf,main_pdfs_corrected\biomedical\skip\pdfs\stem_cells_regen\Whole-Genome-Bisulfite-Sequencing-of-Two-Distinct-.pdf,biomedical,skip,high,Whole-Genome Bisulfite Sequencing of Two Distinct Interconvertible DNA Methylomes of Mouse Embryonic Stem Cells,"strong biomedical contamination: biological sample, protein, stem cell"
